_id,id,title,body,state,comments
64af4294998177add205c191,1802,fixed flaky tests,"Your tests assume that the iterators for the `HashSet` and `HashMap` return values in the order they were inserted. However, this is not the case since those iterators return values in a non-deterministic way (order). This results in flaky tests (tests that can fail non-deterministically and can impact the efficiency of regression testing). This proposed code change will fix this problem.",closed,[]
64af4294998177add205c379,1300,Add gitpod config,"this commit adds support for Gitpod.io, a free automated
dev environment that makes contributing and generally working on GitHub
projects much easier. It allows anyone to start a ready-to-code dev
environment for any branch, issue and pull request with a single click.",closed,"['@anddann @mbenz89 do you see why this build fails? is this a flaky test maybe?', 'The parallel build execution makes the tests non-deterministically fail due to shared workspaces. \r\nWe already fixed this in the develop branch and will merge it back with the next release.\r\n\r\nGenerally, though, please do not merge or push directly to the master branch. Builds of the master branch will be published directly to Maven Central which does not allow re-deployment of artifacts. Therefore, either the version of our artifact has to change or the build will fail.\r\n\r\nOf course, we can ignore the failed build but then the badge turns red indicating a build failure and Soot master is deviating from the actual release artifact. \r\n\r\nEventually, we might want to not trigger the build if only the README or such changed. For now, please introduce changes to the develop branch first so we can merge them back with the next release.\r\n  ', ""Hmm, I don't quite understand why you are writing about merges into the master branch. It was never my intention to merge into master, this pull request is intended to be merged into develop. Had I misconfigured this?"", 'It was targeted towards master before I changed it. No problem at all. Just wanted to make sure we are on the same page :).']"
64af4294998177add205c83f,77,Cannot load JUnit 4.11 JAR file,"When trying to load the JUnit 4.11 JAR file, Soot fails in the CG phase. Looking for a cause, I found that the code produced by COFFI contains a type mismatch. Thus, the local splitter cannot find a valid split, type assignment fails to find consistent Java types and that inconsistency is what breaks SPARK in the end.

In the code below, take a look at label4. i$ is clearly an integer (constant zero when coming from label3) here and it is also used as such in the following integer comparison. If this comparison evaluates to true, we jump to label5 which does nothing except for an unconditional jump to label1. In label1, i$ is however used like an object.

<pre>
    public void <init>(java.lang.Class)
    {
        unknown this, klass, $stack0, $stack1, $stack2, i$, eachClass, arr$, len$, eachMethod, $stack3, eachField;

        this := @this: org.junit.runners.model.TestClass;
        klass := @parameter0: java.lang.Class;
        $stack0 = this;
        specialinvoke $stack0.<java.lang.Object: void <init>()>();
        $stack0 = this;
        $stack1 = new java.util.HashMap;
        $stack2 = $stack1;
        specialinvoke $stack2.<java.util.HashMap: void <init>()>();
        $stack0.<org.junit.runners.model.TestClass: java.util.Map fMethodsForAnnotations> = $stack1;
        $stack0 = this;
        $stack1 = new java.util.HashMap;
        $stack2 = $stack1;
        specialinvoke $stack2.<java.util.HashMap: void <init>()>();
        $stack0.<org.junit.runners.model.TestClass: java.util.Map fFieldsForAnnotations> = $stack1;
        $stack0 = this;
        $stack1 = klass;
        $stack0.<org.junit.runners.model.TestClass: java.lang.Class fClass> = $stack1;
        $stack0 = klass;
        if $stack0 == null goto label0;

        $stack0 = klass;
        $stack0 = virtualinvoke $stack0.<java.lang.Class: java.lang.reflect.Constructor[] getConstructors()>();
        $stack0 = lengthof $stack0;
        $stack1 = 1;
        if $stack0 <= $stack1 goto label0;

        $stack0 = new java.lang.IllegalArgumentException;
        $stack1 = $stack0;
        $stack2 = ""Test class can only have one constructor"";
        specialinvoke $stack1.<java.lang.IllegalArgumentException: void <init>(java.lang.String)>($stack2);
        throw $stack0;

     label0:
        $stack0 = this;
        $stack1 = this;
        $stack1 = $stack1.<org.junit.runners.model.TestClass: java.lang.Class fClass>;
        $stack0 = specialinvoke $stack0.<org.junit.runners.model.TestClass: java.util.List getSuperClasses(java.lang.Class)>($stack1);
        $stack0 = interfaceinvoke $stack0.<java.util.List: java.util.Iterator iterator()>();
        i$ = $stack0;

     label1:
        $stack0 = i$;
        $stack0 = interfaceinvoke $stack0.<java.util.Iterator: boolean hasNext()>();
        if $stack0 == 0 goto label6;

        $stack0 = i$;
        $stack0 = interfaceinvoke $stack0.<java.util.Iterator: java.lang.Object next()>();
        $stack0 = (java.lang.Class) $stack0;
        eachClass = $stack0;
        $stack0 = eachClass;
        $stack0 = staticinvoke <org.junit.internal.MethodSorter: java.lang.reflect.Method[] getDeclaredMethods(java.lang.Class)>($stack0);
        arr$ = $stack0;
        $stack0 = arr$;
        $stack0 = lengthof $stack0;
        len$ = $stack0;
        $stack0 = 0;
        i$ = $stack0;

     label2:
        $stack0 = i$;
        $stack1 = len$;
        if $stack0 >= $stack1 goto label3;

        $stack0 = arr$;
        $stack1 = i$;
        $stack0 = $stack0[$stack1];
        eachMethod = $stack0;
        $stack0 = this;
        $stack1 = new org.junit.runners.model.FrameworkMethod;
        $stack2 = $stack1;
        $stack3 = eachMethod;
        specialinvoke $stack2.<org.junit.runners.model.FrameworkMethod: void <init>(java.lang.reflect.Method)>($stack3);
        $stack2 = this;
        $stack2 = $stack2.<org.junit.runners.model.TestClass: java.util.Map fMethodsForAnnotations>;
        specialinvoke $stack0.<org.junit.runners.model.TestClass: void addToAnnotationLists(org.junit.runners.model.FrameworkMember,java.util.Map)>($stack1, $stack2);
        i$ = i$ + 1;
        goto label2;

     label3:
        $stack0 = eachClass;
        $stack0 = virtualinvoke $stack0.<java.lang.Class: java.lang.reflect.Field[] getDeclaredFields()>();
        arr$ = $stack0;
        $stack0 = arr$;
        $stack0 = lengthof $stack0;
        len$ = $stack0;
        $stack0 = 0;
        i$ = $stack0;

     label4:
        $stack0 = i$;
        $stack1 = len$;
        if $stack0 >= $stack1 goto label5;

        $stack0 = arr$;
        $stack1 = i$;
        $stack0 = $stack0[$stack1];
        eachField = $stack0;
        $stack0 = this;
        $stack1 = new org.junit.runners.model.FrameworkField;
        $stack2 = $stack1;
        $stack3 = eachField;
        specialinvoke $stack2.<org.junit.runners.model.FrameworkField: void <init>(java.lang.reflect.Field)>($stack3);
        $stack2 = this;
        $stack2 = $stack2.<org.junit.runners.model.TestClass: java.util.Map fFieldsForAnnotations>;
        specialinvoke $stack0.<org.junit.runners.model.TestClass: void addToAnnotationLists(org.junit.runners.model.FrameworkMember,java.util.Map)>($stack1, $stack2);
        i$ = i$ + 1;
        goto label4;

     label5:
        goto label1;

     label6:
        return;
    }
</pre>


Does anyone have an idea on this?
",closed,"['Steven are you sure the bytecode is valid? Did you check with javap -c?\n\nEric\n\nOn 29.05.2013, at 17:30, Steven Arzt notifications@github.com\n wrote:\n\n> When trying to load the JUnit 4.11 JAR file, Soot fails in the CG phase. Looking for a cause, I found that the code produced by COFFI contains a type mismatch. Thus, the local splitter cannot find a valid split, type assignment fails to find consistent Java types and that inconsistency is what breaks SPARK in the end.\n> \n> In the code below, take a look at label4. i$ is clearly an integer (constant zero when coming from label3) here and it is also used as such in the following integer comparison. If this comparison evaluates to true, we jump to label5 which does nothing except for an unconditional jump to label1. In label1, i$ is however used like an object.\n> \n> ```\n> public void (java.lang.Class)\n> {\n>     unknown this, klass, $stack0, $stack1, $stack2, i$, eachClass, arr$, len$, eachMethod, $stack3, eachField;\n> \n>     this := @this: org.junit.runners.model.TestClass;\n>     klass := @parameter0: java.lang.Class;\n>     $stack0 = this;\n>     specialinvoke $stack0.()>();\n>     $stack0 = this;\n>     $stack1 = new java.util.HashMap;\n>     $stack2 = $stack1;\n>     specialinvoke $stack2.()>();\n>     $stack0. = $stack1;\n>     $stack0 = this;\n>     $stack1 = new java.util.HashMap;\n>     $stack2 = $stack1;\n>     specialinvoke $stack2.()>();\n>     $stack0. = $stack1;\n>     $stack0 = this;\n>     $stack1 = klass;\n>     $stack0. = $stack1;\n>     $stack0 = klass;\n>     if $stack0 == null goto label0;\n> \n>     $stack0 = klass;\n>     $stack0 = virtualinvoke $stack0.();\n>     $stack0 = lengthof $stack0;\n>     $stack1 = 1;\n>     if $stack0 (java.lang.String)>($stack2);\n>     throw $stack0;\n> \n>  label0:\n>     $stack0 = this;\n>     $stack1 = this;\n>     $stack1 = $stack1.;\n>     $stack0 = specialinvoke $stack0.($stack1);\n>     $stack0 = interfaceinvoke $stack0.();\n>     i$ = $stack0;\n> \n>  label1:\n>     $stack0 = i$;\n>     $stack0 = interfaceinvoke $stack0.();\n>     if $stack0 == 0 goto label6;\n> \n>     $stack0 = i$;\n>     $stack0 = interfaceinvoke $stack0.();\n>     $stack0 = (java.lang.Class) $stack0;\n>     eachClass = $stack0;\n>     $stack0 = eachClass;\n>     $stack0 = staticinvoke ($stack0);\n>     arr$ = $stack0;\n>     $stack0 = arr$;\n>     $stack0 = lengthof $stack0;\n>     len$ = $stack0;\n>     $stack0 = 0;\n>     i$ = $stack0;\n> \n>  label2:\n>     $stack0 = i$;\n>     $stack1 = len$;\n>     if $stack0 >= $stack1 goto label3;\n> \n>     $stack0 = arr$;\n>     $stack1 = i$;\n>     $stack0 = $stack0[$stack1];\n>     eachMethod = $stack0;\n>     $stack0 = this;\n>     $stack1 = new org.junit.runners.model.FrameworkMethod;\n>     $stack2 = $stack1;\n>     $stack3 = eachMethod;\n>     specialinvoke $stack2.(java.lang.reflect.Method)>($stack3);\n>     $stack2 = this;\n>     $stack2 = $stack2.;\n>     specialinvoke $stack0.($stack1, $stack2);\n>     i$ = i$ + 1;\n>     goto label2;\n> \n>  label3:\n>     $stack0 = eachClass;\n>     $stack0 = virtualinvoke $stack0.();\n>     arr$ = $stack0;\n>     $stack0 = arr$;\n>     $stack0 = lengthof $stack0;\n>     len$ = $stack0;\n>     $stack0 = 0;\n>     i$ = $stack0;\n> \n>  label4:\n>     $stack0 = i$;\n>     $stack1 = len$;\n>     if $stack0 >= $stack1 goto label5;\n> \n>     $stack0 = arr$;\n>     $stack1 = i$;\n>     $stack0 = $stack0[$stack1];\n>     eachField = $stack0;\n>     $stack0 = this;\n>     $stack1 = new org.junit.runners.model.FrameworkField;\n>     $stack2 = $stack1;\n>     $stack3 = eachField;\n>     specialinvoke $stack2.(java.lang.reflect.Field)>($stack3);\n>     $stack2 = this;\n>     $stack2 = $stack2.;\n>     specialinvoke $stack0.($stack1, $stack2);\n>     i$ = i$ + 1;\n>     goto label4;\n> \n>  label5:\n>     goto label1;\n> \n>  label6:\n>     return;\n> }\n> ```\n> \n> Does anyone have an idea on this?\n> \n> —\n> Reply to this email directly or view it on GitHub.\n\n## \n\nEric Bodden, Ph.D., http://sse.ec-spride.de/ http://bodden.de/\nHead of Secure Software Engineering Group at EC SPRIDE\nTel: +49 6151 16-75422    Fax: +49 6151 16-72051\nRoom 3.2.14, Mornewegstr. 30, 64293 Darmstadt\n', 'Is the bytecode reusing the same local slot for storing variables with different data types, I think Java allows that. Maybe Coffi get confused by such practice.\n', '> Is the bytecode is reusing the same local slot for storing variables with different data types, I think Java allows that. Maybe Coffi get confused by such practice.\n\nRight. But Java does this all the time. Hence I would be quite surprised if coffi got this wrong.\n\nEric\n', '@ericbodden The output of javap seems ok to me:\n\npublic class org.junit.runners.model.TestClass {\n  public org.junit.runners.model.TestClass(java.lang.Class<?>);\n  public java.util.List<org.junit.runners.model.FrameworkMethod> getAnnotatedMethods(java.lang.Class<? extends java.lang.annotation.Annotation>);\n  public java.util.List<org.junit.runners.model.FrameworkField> getAnnotatedFields(java.lang.Class<? extends java.lang.annotation.Annotation>);\n  public java.lang.Class<?> getJavaClass();\n  public java.lang.String getName();\n  public java.lang.reflect.Constructor<?> getOnlyConstructor();\n  public java.lang.annotation.Annotation[] getAnnotations();\n  public <T extends java/lang/Object> java.util.List<T> getAnnotatedFieldValues(java.lang.Object, java.lang.Class<? extends java.lang.annotation.Annotation>, java.lang.Class<T>);\n  public <T extends java/lang/Object> java.util.List<T> getAnnotatedMethodValues(java.lang.Object, java.lang.Class<? extends java.lang.annotation.Annotation>, java.lang.Class<T>);\n  public boolean isANonStaticInnerClass();\n}\n\nThe issue here is that in my opinion, this code does have a logical problem as explained above. There is a path through the code in which you run into incompatible types if I have not overlooked anything.\n', ""javap -c should print the disassembled bytecode.\n\nIs the OpenJDK able to run the bytecode? Wouldn't the bytecode verifier reject the incompatibility? Unless the path running into incompatible types isn't actually realizable and the verifier can see that.\n"", 'Steven you have to use the ""-c"" flag to actually print the code. Your output just shows signatures, which is not telling us anything.\n\nEric\n\nOn 29.05.2013, at 18:01, Steven Arzt notifications@github.com wrote:\n\n> @ericbodden The output of javap seems ok to me:\n> \n> public class org.junit.runners.model.TestClass {\n> public org.junit.runners.model.TestClass(java.lang.Class<?>);\n> public java.util.List getAnnotatedMethods(java.lang.Class<? extends java.lang.annotation.Annotation>);\n> public java.util.List getAnnotatedFields(java.lang.Class<? extends java.lang.annotation.Annotation>);\n> public java.lang.Class<?> getJavaClass();\n> public java.lang.String getName();\n> public java.lang.reflect.Constructor<?> getOnlyConstructor();\n> public java.lang.annotation.Annotation[] getAnnotations();\n> public java.util.List getAnnotatedFieldValues(java.lang.Object, java.lang.Class<? extends java.lang.annotation.Annotation>, java.lang.Class);\n> public java.util.List getAnnotatedMethodValues(java.lang.Object, java.lang.Class<? extends java.lang.annotation.Annotation>, java.lang.Class);\n> public boolean isANonStaticInnerClass();\n> }\n> \n> —\n> Reply to this email directly or view it on GitHub.\n\n## \n\nEric Bodden, Ph.D., http://sse.ec-spride.de/ http://bodden.de/\nHead of Secure Software Engineering Group at EC SPRIDE\nTel: +49 6151 16-75422    Fax: +49 6151 16-72051\nRoom 3.2.14, Mornewegstr. 30, 64293 Darmstadt\n', '@ericbodden  oops, there must have been something wrong with the command line to javap. Anyhow, here\'s the real output. The constructor is causing the problem.\n\n<pre>\nCompiled from ""TestClass.java""\npublic class org.junit.runners.model.TestClass {\n  public org.junit.runners.model.TestClass(java.lang.Class<?>);\n    Code:\n       0: aload_0       \n       1: invokespecial #1                  // Method java/lang/Object.""<init>"":()V\n       4: aload_0       \n       5: new           #2                  // class java/util/HashMap\n       8: dup           \n       9: invokespecial #3                  // Method java/util/HashMap.""<init>"":()V\n      12: putfield      #4                  // Field fMethodsForAnnotations:Ljava/util/Map;\n      15: aload_0       \n      16: new           #2                  // class java/util/HashMap\n      19: dup           \n      20: invokespecial #3                  // Method java/util/HashMap.""<init>"":()V\n      23: putfield      #5                  // Field fFieldsForAnnotations:Ljava/util/Map;\n      26: aload_0       \n      27: aload_1       \n      28: putfield      #6                  // Field fClass:Ljava/lang/Class;\n      31: aload_1       \n      32: ifnull        54\n      35: aload_1       \n      36: invokevirtual #7                  // Method java/lang/Class.getConstructors:()[Ljava/lang/reflect/Constructor;\n      39: arraylength   \n      40: iconst_1      \n      41: if_icmple     54\n      44: new           #8                  // class java/lang/IllegalArgumentException\n      47: dup           \n      48: ldc           #9                  // String Test class can only have one constructor\n      50: invokespecial #10                 // Method java/lang/IllegalArgumentException.""<init>"":(Ljava/lang/String;)V\n      53: athrow        \n      54: aload_0       \n      55: aload_0       \n      56: getfield      #6                  // Field fClass:Ljava/lang/Class;\n      59: invokespecial #11                 // Method getSuperClasses:(Ljava/lang/Class;)Ljava/util/List;\n      62: invokeinterface #12,  1           // InterfaceMethod java/util/List.iterator:()Ljava/util/Iterator;\n      67: astore_2      \n      68: aload_2       \n      69: invokeinterface #13,  1           // InterfaceMethod java/util/Iterator.hasNext:()Z\n      74: ifeq          192\n      77: aload_2       \n      78: invokeinterface #14,  1           // InterfaceMethod java/util/Iterator.next:()Ljava/lang/Object;\n      83: checkcast     #15                 // class java/lang/Class\n      86: astore_3      \n      87: aload_3       \n      88: invokestatic  #16                 // Method org/junit/internal/MethodSorter.getDeclaredMethods:(Ljava/lang/Class;)[Ljava/lang/reflect/Method;\n      91: astore        4\n      93: aload         4\n      95: arraylength   \n      96: istore        5\n      98: iconst_0      \n      99: istore        6\n     101: iload         6\n     103: iload         5\n     105: if_icmpge     138\n     108: aload         4\n     110: iload         6\n     112: aaload        \n     113: astore        7\n     115: aload_0       \n     116: new           #17                 // class org/junit/runners/model/FrameworkMethod\n     119: dup           \n     120: aload         7\n     122: invokespecial #18                 // Method org/junit/runners/model/FrameworkMethod.""<init>"":(Ljava/lang/reflect/Method;)V\n     125: aload_0       \n     126: getfield      #4                  // Field fMethodsForAnnotations:Ljava/util/Map;\n     129: invokespecial #19                 // Method addToAnnotationLists:(Lorg/junit/runners/model/FrameworkMember;Ljava/util/Map;)V\n     132: iinc          6, 1\n     135: goto          101\n     138: aload_3       \n     139: invokevirtual #20                 // Method java/lang/Class.getDeclaredFields:()[Ljava/lang/reflect/Field;\n     142: astore        4\n     144: aload         4\n     146: arraylength   \n     147: istore        5\n     149: iconst_0      \n     150: istore        6\n     152: iload         6\n     154: iload         5\n     156: if_icmpge     189\n     159: aload         4\n     161: iload         6\n     163: aaload        \n     164: astore        7\n     166: aload_0       \n     167: new           #21                 // class org/junit/runners/model/FrameworkField\n     170: dup           \n     171: aload         7\n     173: invokespecial #22                 // Method org/junit/runners/model/FrameworkField.""<init>"":(Ljava/lang/reflect/Field;)V\n     176: aload_0       \n     177: getfield      #5                  // Field fFieldsForAnnotations:Ljava/util/Map;\n     180: invokespecial #19                 // Method addToAnnotationLists:(Lorg/junit/runners/model/FrameworkMember;Ljava/util/Map;)V\n     183: iinc          6, 1\n     186: goto          152\n     189: goto          68\n     192: return        \n  public java.util.List<org.junit.runners.model.FrameworkMethod> getAnnotatedMethods(java.lang.Class<? extends java.lang.annotation.Annotation>);\n    Code:\n       0: aload_0       \n       1: aload_0       \n       2: getfield      #4                  // Field fMethodsForAnnotations:Ljava/util/Map;\n       5: aload_1       \n       6: invokespecial #25                 // Method getAnnotatedMembers:(Ljava/util/Map;Ljava/lang/Class;)Ljava/util/List;\n       9: areturn       \n  public java.util.List<org.junit.runners.model.FrameworkField> getAnnotatedFields(java.lang.Class<? extends java.lang.annotation.Annotation>);\n    Code:\n       0: aload_0       \n       1: aload_0       \n       2: getfield      #5                  // Field fFieldsForAnnotations:Ljava/util/Map;\n       5: aload_1       \n       6: invokespecial #25                 // Method getAnnotatedMembers:(Ljava/util/Map;Ljava/lang/Class;)Ljava/util/List;\n       9: areturn       \n  public java.lang.Class<?> getJavaClass();\n    Code:\n       0: aload_0       \n       1: getfield      #6                  // Field fClass:Ljava/lang/Class;\n       4: areturn       \n  public java.lang.String getName();\n    Code:\n       0: aload_0       \n       1: getfield      #6                  // Field fClass:Ljava/lang/Class;\n       4: ifnonnull     10\n       7: ldc           #41                 // String null\n       9: areturn       \n      10: aload_0       \n      11: getfield      #6                  // Field fClass:Ljava/lang/Class;\n      14: invokevirtual #42                 // Method java/lang/Class.getName:()Ljava/lang/String;\n      17: areturn       \n  public java.lang.reflect.Constructor<?> getOnlyConstructor();\n    Code:\n       0: aload_0       \n       1: getfield      #6                  // Field fClass:Ljava/lang/Class;\n       4: invokevirtual #7                  // Method java/lang/Class.getConstructors:()[Ljava/lang/reflect/Constructor;\n       7: astore_1      \n       8: lconst_1      \n       9: aload_1       \n      10: arraylength   \n      11: i2l           \n      12: invokestatic  #43                 // Method org/junit/Assert.assertEquals:(JJ)V\n      15: aload_1       \n      16: iconst_0      \n      17: aaload        \n      18: areturn       \n  public java.lang.annotation.Annotation[] getAnnotations();\n    Code:\n       0: aload_0       \n       1: getfield      #6                  // Field fClass:Ljava/lang/Class;\n       4: ifnonnull     12\n       7: iconst_0      \n       8: anewarray     #44                 // class java/lang/annotation/Annotation\n      11: areturn       \n      12: aload_0       \n      13: getfield      #6                  // Field fClass:Ljava/lang/Class;\n      16: invokevirtual #45                 // Method java/lang/Class.getAnnotations:()[Ljava/lang/annotation/Annotation;\n      19: areturn       \n  public <T extends java/lang/Object> java.util.List<T> getAnnotatedFieldValues(java.lang.Object, java.lang.Class<? extends java.lang.annotation.Annotation>, java.lang.Class<T>);\n    Code:\n       0: new           #31                 // class java/util/ArrayList\n       3: dup           \n       4: invokespecial #32                 // Method java/util/ArrayList.""<init>"":()V\n       7: astore        4\n       9: aload_0       \n      10: aload_2       \n      11: invokevirtual #46                 // Method getAnnotatedFields:(Ljava/lang/Class;)Ljava/util/List;\n      14: invokeinterface #12,  1           // InterfaceMethod java/util/List.iterator:()Ljava/util/Iterator;\n      19: astore        5\n      21: aload         5\n      23: invokeinterface #13,  1           // InterfaceMethod java/util/Iterator.hasNext:()Z\n      28: ifeq          94\n      31: aload         5\n      33: invokeinterface #14,  1           // InterfaceMethod java/util/Iterator.next:()Ljava/lang/Object;\n      38: checkcast     #21                 // class org/junit/runners/model/FrameworkField\n      41: astore        6\n      43: aload         6\n      45: aload_1       \n      46: invokevirtual #47                 // Method org/junit/runners/model/FrameworkField.get:(Ljava/lang/Object;)Ljava/lang/Object;\n      49: astore        7\n      51: aload_3       \n      52: aload         7\n      54: invokevirtual #48                 // Method java/lang/Class.isInstance:(Ljava/lang/Object;)Z\n      57: ifeq          74\n      60: aload         4\n      62: aload_3       \n      63: aload         7\n      65: invokevirtual #49                 // Method java/lang/Class.cast:(Ljava/lang/Object;)Ljava/lang/Object;\n      68: invokeinterface #29,  2           // InterfaceMethod java/util/List.add:(Ljava/lang/Object;)Z\n      73: pop           \n      74: goto          91\n      77: astore        7\n      79: new           #51                 // class java/lang/RuntimeException\n      82: dup           \n      83: ldc           #52                 // String How did getFields return a field we couldn\'t access?\n      85: aload         7\n      87: invokespecial #53                 // Method java/lang/RuntimeException.""<init>"":(Ljava/lang/String;Ljava/lang/Throwable;)V\n      90: athrow        \n      91: goto          21\n      94: aload         4\n      96: areturn       \n    Exception table:\n       from    to  target type\n          43    74    77   Class java/lang/IllegalAccessException\n  public <T extends java/lang/Object> java.util.List<T> getAnnotatedMethodValues(java.lang.Object, java.lang.Class<? extends java.lang.annotation.Annotation>, java.lang.Class<T>);\n    Code:\n       0: new           #31                 // class java/util/ArrayList\n       3: dup           \n       4: invokespecial #32                 // Method java/util/ArrayList.""<init>"":()V\n       7: astore        4\n       9: aload_0       \n      10: aload_2       \n      11: invokevirtual #54                 // Method getAnnotatedMethods:(Ljava/lang/Class;)Ljava/util/List;\n      14: invokeinterface #12,  1           // InterfaceMethod java/util/List.iterator:()Ljava/util/Iterator;\n      19: astore        5\n      21: aload         5\n      23: invokeinterface #13,  1           // InterfaceMethod java/util/Iterator.hasNext:()Z\n      28: ifeq          119\n      31: aload         5\n      33: invokeinterface #14,  1           // InterfaceMethod java/util/Iterator.next:()Ljava/lang/Object;\n      38: checkcast     #17                 // class org/junit/runners/model/FrameworkMethod\n      41: astore        6\n      43: aload         6\n      45: aload_1       \n      46: iconst_0      \n      47: anewarray     #55                 // class java/lang/Object\n      50: invokevirtual #56                 // Method org/junit/runners/model/FrameworkMethod.invokeExplosively:(Ljava/lang/Object;[Ljava/lang/Object;)Ljava/lang/Object;\n      53: astore        7\n      55: aload_3       \n      56: aload         7\n      58: invokevirtual #48                 // Method java/lang/Class.isInstance:(Ljava/lang/Object;)Z\n      61: ifeq          78\n      64: aload         4\n      66: aload_3       \n      67: aload         7\n      69: invokevirtual #49                 // Method java/lang/Class.cast:(Ljava/lang/Object;)Ljava/lang/Object;\n      72: invokeinterface #29,  2           // InterfaceMethod java/util/List.add:(Ljava/lang/Object;)Z\n      77: pop           \n      78: goto          116\n      81: astore        7\n      83: new           #51                 // class java/lang/RuntimeException\n      86: dup           \n      87: new           #58                 // class java/lang/StringBuilder\n      90: dup           \n      91: invokespecial #59                 // Method java/lang/StringBuilder.""<init>"":()V\n      94: ldc           #60                 // String Exception in \n      96: invokevirtual #61                 // Method java/lang/StringBuilder.append:(Ljava/lang/String;)Ljava/lang/StringBuilder;\n      99: aload         6\n     101: invokevirtual #62                 // Method org/junit/runners/model/FrameworkMethod.getName:()Ljava/lang/String;\n     104: invokevirtual #61                 // Method java/lang/StringBuilder.append:(Ljava/lang/String;)Ljava/lang/StringBuilder;\n     107: invokevirtual #63                 // Method java/lang/StringBuilder.toString:()Ljava/lang/String;\n     110: aload         7\n     112: invokespecial #53                 // Method java/lang/RuntimeException.""<init>"":(Ljava/lang/String;Ljava/lang/Throwable;)V\n     115: athrow        \n     116: goto          21\n     119: aload         4\n     121: areturn       \n    Exception table:\n       from    to  target type\n          43    78    81   Class java/lang/Throwable\n  public boolean isANonStaticInnerClass();\n    Code:\n       0: aload_0       \n       1: getfield      #6                  // Field fClass:Ljava/lang/Class;\n       4: invokevirtual #64                 // Method java/lang/Class.isMemberClass:()Z\n       7: ifeq          27\n      10: aload_0       \n      11: getfield      #6                  // Field fClass:Ljava/lang/Class;\n      14: invokevirtual #65                 // Method java/lang/Class.getModifiers:()I\n      17: invokestatic  #66                 // Method java/lang/reflect/Modifier.isStatic:(I)Z\n      20: ifne          27\n      23: iconst_1      \n      24: goto          28\n      27: iconst_0      \n      28: ireturn       \n}\n</pre>\n', 'The last statement of label0 and first statement of label1 comes from bytecodes:\n\n```\n67: astore_2\n68: aload_2\n```\n\nSo in the bytecode, local variable 2 is used.\n\nThe incrementation of i$ at the end of label4 comes from:\n\n```\n183: iinc          6, 1\n```\n\nWhere the 6th local variable is used.\n', 'From the jimple, I assume you are using the keep-original-names option. What about disabling it? It has already been the source of similar problems.\n\nLooking at the Java code for that class [1], it seems like the ""i$"" variables are generated by the compiler to replace some foreach statements. The first one iterates over an Iterator (hence the reference type of i$). And the others i$ are index counters (hence the int type) iterating over arrays. \n\nWhat if the compiler dumps the same name (i$) for every generated iterator/index variable, even if they overlap ? \n\n[1]http://grepcode.com/file/repo1.maven.org/maven2/junit/junit/4.11/org/junit/runners/model/TestClass.java#TestClass.%3Cinit%3E%28java.lang.Class%29\n', 'I just made a very simple test, and I can confirm that the compiler gives identical name to several generated variables with overlaping liveness and different types.\nHere is an excerpt of the debug infos as shown by javap -c -l\n\n```\nLocalVariableTable:\n  Start  Length  Slot  Name   Signature\n        50      36     7    i$   I\n        19      70     3    i$   Ljava/util/Iterator;\n```\n\nAs you can see, overlapping bytecode ranges, different slot and signature, same name.\n', '@quentin  Removing the ""keep-original-names"" flag actually seems to have resolved the issue. Thank you very much for the assistance. It would be interesting to know whether the JVM specification actually allows such behavior (which would be pretty weird, though it\'s unambiguous with the variable indices) or whether this is a bug in the compiler.\n', ""I guess there is no restriction in the LocalVariableTable since it is annotations for debug purpose only and doesn't actually influence the semantics of the bytecode.\n"", 'The problem comes from method soot.coffi.Util.getLocalForIndex(), where locals are created based on the name found in LocalVariableTable if ""keep-original-names"" is enabled. Regardless of their index, slot, signature or range, locals with the same debug name will get the same Local object.\n', 'Quentin thanks a lot for debugging this. I can confirm that the JVM does not at all care about names. For ""use original names"" Soot surely does care. Apparently the algorithm there is a bit flaky. Would be great if the two of you could work out a fix.\n\n@Steven: Make sure to keep a copy of that class file as a regression test.\n\nCheers,\nEric\n\nOn 29.05.2013, at 22:53, Quentin Sabah notifications@github.com wrote:\n\n> The problem comes from method soot.coffi.Util.getLocalForIndex(), where locals are created based on the name found in LocalVariableTable if ""keep-original-names"" is enabled. Regardless of their slot (""index"" in Soot), signature or range, locals with the same debug name will get the same Local object.\n> \n> —\n> Reply to this email directly or view it on GitHub.\n\n## \n\nEric Bodden, Ph.D., http://sse.ec-spride.de/ http://bodden.de/\nHead of Secure Software Engineering Group at EC SPRIDE\nTel: +49 6151 16-75422    Fax: +49 6151 16-72051\nRoom 3.2.14, Mornewegstr. 30, 64293 Darmstadt\n', ""I'll try to write a fix.\n"", ""@StevenArzt: you may checkout my fix branch (mentioned in the previous post) and test against your classes. I also wouldn't be surprised if it solves issue #40, can you check that too ?\n"", '@quentin The fix seems to work fine, I can now also use the use-original-names option without triggering type inconsistencies. Thank you very much!\n\nShall I push this to the global Soot develop branch or should we give it a bit more testing?\n', 'Thanks to both of you! Before merging this in, could you still clean up the code by removing all commented-out stuff? Also it would be great if Quentin could add to the commit message a few more details about what he changed why. Thanks!\n', ""Yes sure, I'll clean the modified code (actually Coffi would need a lot of cleaning) and add the explanations it deserves. \n"", 'So this fix will produce sound Local allocation if the LocalVariableTable is consistent enough, meaning each variable from the source code has at most one name in the table and the table reports the proper name at every bytecode position where the variable is used. \n\nThe only way of producing consistent Local allocation and taking original names into account is to allocate Local in default mode and record ""most probable names"" in each statement for each Local used or defined by the statement.\nThen there would be a method like String[] Stmt.getMostProbableOriginalNames(Local), or String[] Body.getMostProbableOriginalNames(Local, Stmt).\n', 'Thanks a lot Quention, this is awesome! Can you issue a pull request? I think this would be the easiest way for me to merge this in.\n', 'Thanks again!\n']"
