_id,id,title,body,state,comments
64af4e102062b0a732814912,133,using HashCodeComparator in class loading may and does cause instabilities,"In `ClassLoaderImpl`, the method `getClassFiles` is responsible for retrieving all the module entries from a module and returning them as a set. For this, first the iterator is converted into a list and then this list is inserted into a TreeSet, using a comparator which compares two module entries by hash code (!).
I think this is highly fragile. The [Java API doc](https://docs.oracle.com/javase/8/docs/api/java/util/TreeSet.html) clearly says that `TreeSet` relies on the used `compareTo` method [being consistent with](https://docs.oracle.com/javase/8/docs/api/java/lang/Comparable.html) `equals`. In particular, `TreeSet` uses `compareTo == 0` as eqality check. The used `HashCodeComparator` is *not* consistent with `equals` as there may be collisions. So, using a `HashCodeComparator` in `getClassFiles` may accidentally delete module entries.

I also think that there is a connection of this issue to #88. The dalvik front-end class `DexClassLoaderImpl` contains a method which is similar to `getClassFiles` (`getDexFiles`). The bad thing is that the `DexModuleEntry` class it processes does not implement `hashCode` or `equals`. I think this causes the flakiness, since now `System.identityHashCode` is used which is completely unpredictable.
One simple fix would be to implement `hashCode` and `equals` consistently for `DexModuleEntry`.

Another possible solution would be to not use `TreeSet` and `HashCodeComparator` but a `LinkedHashSet`.

I am in favor of the latter solution because it is more robust. I also don't think that it is really necessary to first unroll an iterator into a list and then insert all list items into a set, so removing this code would not only make it more robust but also faster and simpler.

@juliandolby @msridhar What do you think?",closed,"['Martin,\n\n This seems like an important issue; thanks for finding it.  I think making sure equals, hahsCode and compareTo are all consistent is good to do anyway, so that seems like the right fix to me.\n\n  — Julian\n\n> On Jan 26, 2017, at 5:32 AM, Martin Mohr <notifications@github.com> wrote:\n> \n> In ClassLoaderImpl, the method getClassFiles is responsible for retrieving all the module entries from a module and returning them as a set. For this, first the iterator is converted into a list and then this list is inserted into a TreeSet, using a comparator which compares two module entries by hash code (!).\n> I think this is highly fragile. The Java API doc <https://docs.oracle.com/javase/8/docs/api/java/util/TreeSet.html> clearly says that TreeSet relies on the used compareTo method being consistent with <https://docs.oracle.com/javase/8/docs/api/java/lang/Comparable.html> equals. In particular, TreeSet uses compareTo == 0 as eqality check. The used HashCodeComparator is not consistent with equals as there may be collisions. So, using a HashCodeComparator in getClassFiles may accidentally delete module entries.\n> \n> I also think that there is a connection of this issue to #88 <https://github.com/wala/WALA/issues/88>. The dalvik front-end class DexClassLoaderImpl contains a method which is similar to getClassFiles (getDexFiles). The bad thing is that the DexModuleEntry class it processes does not implement hashCode or equals. I think this causes the flakiness, since now System.identityHashCode is used which is completely unpredictable.\n> Another simple fix would be to implement hashCode and equals properly (i.e. consistent) for DexModuleEntryI cannot say for sure what happens exactly, but my experiments show that WALAs whole behaviour becomes more predictable after I tried this.\n> \n> Another possible solution would be to not use TreeSet and HashCodeComparator but a LinkedHashSet.\n> \n> @juliandolby <https://github.com/juliandolby> @msridhar <https://github.com/msridhar> What do you think?\n> \n> —\n> You are receiving this because you were mentioned.\n> Reply to this email directly, view it on GitHub <https://github.com/wala/WALA/issues/133>, or mute the thread <https://github.com/notifications/unsubscribe-auth/ABk3fhvsaD2Wsy73clwizyKNXG2KJnbPks5rWHY4gaJpZM4Lufe7>.\n> \n\n', '@juliandolby What do you think about getting rid of HashCodeComparator, as proposed in #134? This not only seems more robust to me but also simpler and faster.', 'That seems like a good idea too.\n\n> On Jan 26, 2017, at 9:02 AM, Martin Mohr <notifications@github.com> wrote:\n> \n> @juliandolby <https://github.com/juliandolby> What do you think about getting rid of HashCodeComparator, as proposed in #134 <https://github.com/wala/WALA/pull/134>? This not only seems more robust to me but also simpler and faster.\n> \n> —\n> You are receiving this because you were mentioned.\n> Reply to this email directly, view it on GitHub <https://github.com/wala/WALA/issues/133#issuecomment-275394875>, or mute the thread <https://github.com/notifications/unsubscribe-auth/ABk3fpQlYySYh1rke4unz_P3-O_zjsfiks5rWKd_gaJpZM4Lufe7>.\n> \n\n', 'Fixed by #134 ']"
64af4e102062b0a732814948,79,Changes from the Joana team over the last months,"Hi (once again)!

Here are our fixes and changes (mainly) to the com.ibm.wala.dalvik project which we performed since since the merge in August '14.
We will probably switch our fork from jgf/WALA to this one so that it is really a fork of the main WALA repo, which should make contribution a lot easier. This could be a first step to eventually switching over to the main WALA repo.

This time, I ran the whole travis stuff on a clean git state and it worked.
",closed,"['This is strange, that error did not occur on my machine.\n', ""What I find even stranger is that it works now!!\nThere was exactly one test which failed:\nrunTest[DroidBench: /tmp/DroidBench/apk/Callbacks/Unregister1.apk](com.ibm.wala.dalvik.test.callGraph.droidbench.CallbacksTest)  Time elapsed: 1.75 sec  <<< FAILURE!\njava.lang.AssertionError: [< Application, Lde/ecspride/MainActivity$1, onClick(Landroid/view/View;)V >] should be empty\n(see log)\nWhile travis was running, I realized that I forgot to add logging libs to the eclipse project class path of the dalvik project, so I committed that. This resulted in a new pull request on which Travis ran through successfully...and I really don't know why because my commit did not have anything to do with fixing incomplete call graphs (at all!!)!\n"", ""@mohrm we've seen lots of flakiness on Travis before.  It could just be some non-determinism.  I'll look through these changes soon.  @juliandolby are we all set in terms of CLAs and the like?\n"", ""I agree, they are not needed anymore. I think, most of them were not removed in the merge of August and thus are still present. If you're okay with it, I can remove (most of) them.\n"", '@mohrm sure, you can remove the custom change comments on this PR, and we can remove other ones already in the codebase in a separate PR maybe.\n', 'BTW, feel free to just push more commits to the branch, which will update this pull request.  No need to close and open a new PR.\n', ""PR looks good to me.  I'll leave it to @juliandolby to merge once he's sure the CLA stuff is all fine\n""]"
64af4e102062b0a732814956,65,Use Arrays.toString() instead of the default array toString() method.,"The former will include the contents of the array, while the latter only includes the object's identity.

This will allow WALA to be compiled using Google's error-prone compiler (https://github.com/google/error-prone).
",closed,"[""It looks like we have some flakiness on Travis that is causing the CI build to fail.  This change looks good to me, so I'll merge.\n""]"
