_id,id,title,body,state,comments
66944b77c3a1a46a5db11ab6,73,Allow for flushing cached types when initializing multiple projects in a row,"**Reason for this PR**
As described in `org.opalj.br.Type:1059` (see [here on develop](https://github.com/opalj/opal/blob/6b89b9d4b9994a8845541fe35015cf8da707f91b/OPAL/br/src/main/scala/org/opalj/br/Type.scala#L1059)), the static caches for objects of type `ObjectType` and `ArrayType` will grow continuously when creating multiple `Project` instances in a row. This is a problem when processing a large number of JAR files, as it will eventually consume all memory and cause the JVM to crash.

**Changes in this PR**
This PR introduces the two methods `ObjectType.flushTypeCache()` and `ArrayType.flushTypeCache()`, which both flush the respective caches. The methods will not flush predefined instances of `ObjectType`s and `ArrayType`s, as those are referenced via final vals. Invalidating those would negate any speedup that they originally achieved.

Obviously those methods can only be safely used when invoked after all analyses for one project are done, and before another one is created. 

This PR also introduces test case to assert that:
* All non-predefined types are in fact removed
* No predefined types are removed


This is my first contribution to OPAL, please let me know if there's anything you'd like me to change 😃 ",closed,"[""I just noticed that the usage of `flushTypeCache` in the testing process actuall breaks a test that (to me) looks completely unrelated: The `ClassFileTest` now fails for five test cases. I'll investigate that and get back to you..."", 'I think i\'ve identified the problem. The `ClassFileTest` defines a bunch of `val`s that include instances of `Project` and also `ObjectType`. These values are initialized when the class is loaded, so before any test is actually run.  Then some tests are executed, which includes the `TypeTest` that executes `flushTypeCache()`. Then when the testcases in `ClassFileTest` are executed, they try to compare (via `eq`) OTs that where created before the flush (when the `val`s were initialized) with OTs that are created inside the testcase, so after the flush. Since comparison of OTs is ID-based, this comparison is now broken. See an example here:\r\n\r\n```\r\n  val innerclassesProject = TestSupport.biProject(""innerclasses-1.8-g-parameters-genericsignature.jar"")\r\n  val outerClass = innerclassesProject.classFile(ObjectType(""innerclasses/MyRootClass"")).get\r\n  val innerPrinterOfXClass = innerclassesProject.classFile(ObjectType(""innerclasses/MyRootClass$InnerPrinterOfX"")).get\r\n  val formatterClass = innerclassesProject.classFile(ObjectType(""innerclasses/MyRootClass$Formatter"")).get\r\n\r\n  test(""that all direct nested classes of a top-level class are correctly identified"") {\r\n      outerClass.nestedClasses(innerclassesProject).toSet should be(Set(\r\n          ObjectType(""innerclasses/MyRootClass$1""),\r\n          ObjectType(""innerclasses/MyRootClass$1MyInnerPrinter""),\r\n          ObjectType(""innerclasses/MyRootClass$2""),\r\n          ObjectType(""innerclasses/MyRootClass$Formatter""),\r\n          ObjectType(""innerclasses/MyRootClass$InnerPrinterOfX"")\r\n      ))\r\n  }\r\n```\r\n\r\nI certainly don\'t want to impose an implicit ordering on testcase execution. My first idea for a fix would be to convert the `val`s in `ClassFileTest` to `lazy val`s, which ensures all OTs are created after the flush, and all comparisons are valid. Does that sound reasonable to you @errt ? ', 'Could this maybe be solved by changing ClassFileTest from FunSuite to FunSpec and move the vals into a `describe`? I think that would prevent them from being initialized early.\r\n\r\nOn another note: please run `sbt scalariformFormat` on your PR, as currently the CI fails for formatting issues.', 'I just tried that locally, unfortunately it exhibits the exact same behavior as with `FunSuite` when i execute all tests for BR. Here\'s a snippet of what i tried:\r\n\r\n```\r\nclass ClassFileTest extends AnyFunSpec with Matchers {\r\n  describe(""ClassFile"") {\r\n\r\n        val innerclassesProject = TestSupport.biProject(""innerclasses-1.8-g-parameters-genericsignature.jar"")\r\n        val outerClass = innerclassesProject.classFile(ObjectType(""innerclasses/MyRootClass"")).get\r\n        val innerPrinterOfXClass = innerclassesProject.classFile(ObjectType(""innerclasses/MyRootClass$InnerPrinterOfX"")).get\r\n        val formatterClass = innerclassesProject.classFile(ObjectType(""innerclasses/MyRootClass$Formatter"")).get\r\n\r\n        it(""should correctly identify all direct nested classes of a top-level class""){\r\n            outerClass.nestedClasses(innerclassesProject).toSet should be(Set(\r\n                ObjectType(""innerclasses/MyRootClass$1""),\r\n                ObjectType(""innerclasses/MyRootClass$1MyInnerPrinter""),\r\n                ObjectType(""innerclasses/MyRootClass$2""),\r\n                ObjectType(""innerclasses/MyRootClass$Formatter""),\r\n                ObjectType(""innerclasses/MyRootClass$InnerPrinterOfX"")\r\n            ))\r\n        }\r\n  }\r\n}\r\n```\r\n\r\nThis still seems to be executed before all test cases, or at least before the testcase that flushes the cache. Adding the `lazy` keyword seems to solve this issue in both scenarios (at least on my machine).', ""Ok, then let's just go with the `lazy vals`."", 'Unfortunately, this seems to have introduced a non-deterministic error:\r\nhttps://github.com/opalj/opal/runs/7409513069?check_suite_focus=true\r\n(the error is around line 7900)\r\nCan you please check? It might have to do with the weak refererences in the cache. Maybe we have to use your original solution of getting the keys to remove from the cache instead of the array, or at least guard against NPEs.', ""That's unfortunate... I'll look into it tomorrow and try to find a solution. My first idea right now would be to just completely clear the cache and re-fill it after the array has been truncated. Since the method now holds a lock / monitor the entire time, this should also be possible. But i'll try to reproduce the error first and get back to you."", ""Yes, that's also a solution that I thought about before. This should be easy to do, as the pre-defined types are still available in the array to add them back into the cache.""]"
