_id,sha,author,message,date
64b02a1adb66c7a5db95e0dc,44c81a4f4f9a5afdb68bb22bbb4a022d022ba778,Eric Bodden,"using LinkedHashMap so that iteration order becomes deterministic; this
will lead to more deterministic benchmarking results",2012-08-17 06:53:40
64b02a1adb66c7a5db95ed32,8fef25c50984c15db36ce457f324819e6cf46369,Michael Emmi,Deterministic generation of local variable names.,2020-01-30 09:20:38
64b02a1adb66c7a5db95eb93,d136db21319efb3581df7fdc2ec588b540aaa015,Alexander Schwarz,Order of phi statements made deterministic.,2018-10-17 10:40:41
64b02a1adb66c7a5db95d6ae,6d369eedb86214c128ecf703f034443fa84313d8,Raja Vallee-Rai,"prcs 1.beta.4.dev.38:
Integrated Vijays deterministic inliner.",1999-05-30 21:06:30
64b02a1adb66c7a5db95ebaf,45da901b33aa5fb8495b9082fc47462c13cf91a9,Eric Bodden,"Merge pull request #1065 from Lex999/develop

Order of phi statements made deterministic.",2018-11-14 14:07:17
64b02a1adb66c7a5db95ed2f,a4e482109757e9761c97a4ea713b566920b55a66,Eric Bodden,"Merge pull request #1278 from michael-emmi/deterministic-jimple

Ordered data structures in jimple construction.",2020-01-23 09:20:32
64b02a1adb66c7a5db95dc03,2c88b3849ee37df0fb49ce7bf1cc8efafd3ee8cf,Ondrej Lhoták,"Make SootClass include a list in addition to a map of methods, in order
to preserve a deterministic order of the methods. Fixes bug #4.",2005-01-13 18:04:12
64b02a1adb66c7a5db95df51,f78cff79fe7d29ec6993a7aee2f292bb535d1652,Eric Bodden,"fix for bug 99:

""In older versions (probably more than a year ago), when exactly one class was
specified on the Soot command line, Soot would use that class as the main class
of the program. If 0 or multiple classes were specified on the command line,
Soot would require that a main class be explicitly specified using the
-main-class option.

The current Soot trunk chooses a seemingly random class as the main class. Even
when only a single class is given on the command line, Soot sometimes chooses a
different class as the main class. The chosen class is even non-deterministic
from one run of Soot to another (with identical command lines).

Could the original behaviour be restored?""


Fixed by first iterating through argument classes, then through all other classes.",2010-01-19 14:32:53
