_id,sha,author,message
66949ab9f26daf15bd5de9d9,3aa2575764bffd6ee451f1596cf988dbffb078ba,Florian Kübler,"fixed concurrency issue in YAPPS and refactoring


Former-commit-id: 0f4b51835d5502fb93b54f72813b261623b512d4"
66949ab9f26daf15bd5dfd7e,3e32d24d0637d1761b37d8ba3f4ef19389678d09,Michael Eichberg,fixed a concurrency issue
66949ab9f26daf15bd5e0355,78d6cb2ff2b2c82368692e10792bb888cc196758,Michael Eichberg,"fixed a very nast concurrency which halted everything because, there were no more free threads

Signed-off-by: Michael Eichberg <mail@michael-eichberg.de>"
66949ab9f26daf15bd5e04b3,e47e606bd59596728b9045911d20885966cb96af,Michael Eichberg,added a new test that reveals that we have a problem with testParForeachMethodWithBody that is not concurrency related
66949ab9f26daf15bd5e05a5,a7dd928fa0e1b85b8f37c5ff6e99d5379ca8a61d,Michael Eichberg,added a new test that reveals that we have a problem with testParForeachMethodWithBody that is not concurrency related
66949ab9f26daf15bd5e070d,a30a418435a8069da24daec311c46f39fefc5ffb,Michael Eichberg,"fixed a concurrency bug

Signed-off-by: Michael Eichberg <mail@michael-eichberg.de>"
66949ab9f26daf15bd5e1326,74586a65b95521cb6e4cbfcb51497f014875dce8,Michael Eichberg,fixed numerous concurrency issues that led to exhaustive thread usage
66949ab9f26daf15bd5e136a,edd70268daf90dcd67700a324cd18f64cea30fcc,Michael Eichberg,"moved concurrency related stuff to the ""concurrent"" package"
66949ab9f26daf15bd5e180b,33973c7e21a4027f8955b2793b56ae670e0bcb34,Michael Eichberg,"fixed a concurrency issue in the JDKBugsTest

Signed-off-by: Michael Eichberg <mail@michael-eichberg.de>"
66949ab9f26daf15bd5e1908,f709a9b8e7cedc71a3974efb95cfdf5a30d03ecc,Michael Eichberg,"fixed concurrency and performance issues

Signed-off-by: Michael Eichberg <mail@michael-eichberg.de>"
66949ab9f26daf15bd5e1aab,6b48fd0ceb25d10eb1be250b23edaf2c8e0e3152,Michael Eichberg,fixed a severe concurrency issue (that should be the reason why sometimes some attributes were lost)
66949ab9f26daf15bd5e1da1,26077a6d6580586f47ea20581a48714d520534b4,Michael Eichberg,"Merge branch 'master' of https://bitbucket.org/delors/bat

* 'master' of https://bitbucket.org/delors/bat:
  removed some superfluous final keywords
  added a comment to explain why a certain piece of code does not cause
synchronizaton/threadng issues
  improved the documentation and added a test to check if ""times""
equals ""0""
  added a readme to explain why we need a Util project
  fixed some memory leaks and solved some concurrency issues
  refactored some variable names for readability purposes
  we are now using a macro to implement the ""repeat"" control abstraction

Conflicts:
	core/src/main/scala/de/tud/cs/st/util/ControlAbstractions.scala"
66949ab9f26daf15bd5e1da7,2ec5eae7c8c87f8a3d037cf746d2d01ad374b7a2,Michael Eichberg,fixed some memory leaks and solved some concurrency issues
