_id,sha,author,message,date
64b02a1adb66c7a5db95e767,eee3fe6d9417fe13a71d6d59294710a0fe6dcedb,Steven Arzt,fixed a concurrency issue,2015-12-21 14:37:08
64b02a1adb66c7a5db95e812,077b50cdb0e9e5122445495a8cd97605b1ff7610,Steven Arzt,Fixed a concurrency issue,2016-08-12 09:10:19
64b02a1adb66c7a5db95e936,9c5662108b907e5919a4bab148137b209c6cfb85,Steven Arzt,stronger concurrency guarantees for the ConcurrentHashMultiMap and some refactorings elsewhere,2017-07-19 11:38:16
64b02a1adb66c7a5db95e943,f679df4d3645fd6329cfb0f6304632c79dcf5f4a,Steven Arzt,fixed a strange concurrency issue,2017-07-31 16:57:20
64b02a1adb66c7a5db95e972,0573d42af543387bd60646d5844a25a2e74b66eb,Andreas Dann,[ModuleResolver] fixed concurrency issues,2017-09-22 15:12:52
64b02a1adb66c7a5db95ec85,fbe472a6040d805918c7719c9e1fde0d0d2b74bd,Manuel Benz,Use a synchronized list to at least ensure sane concurrency in non-optimized cases like getMethodUnsafe.,2019-08-27 11:29:43
64b02a1adb66c7a5db95edb3,7a6cb27cd89194adb219e851ab1021cfe3b156ec,Marcus Hüwe,"Make the UnconditionalBranchFolder class stateless to avoid concurrency issues

Since commit 310e6223ed751cba9f8b8a545a03e524918f5531 (""even more parallel
processing""), the classes in PackManager.runBodyPacks(...) are potentially
processed by multiple threads. Consequently, the transformers should be
thread-safe.
The UnconditionalBranchFolder class, which is part of the ""jop"" pack, is not
thread-safe, which can result in a NPE:

Excerpt:
java.lang.NullPointerException
        at soot.jimple.toolkits.scalar.UnconditionalBranchFolder.internalTransform(UnconditionalBranchFolder.java:74)
        at soot.BodyTransformer.transform(BodyTransformer.java:51)
        at soot.Transform.apply(Transform.java:120)
        at soot.BodyPack.internalApply(BodyPack.java:50)
        at soot.Pack.apply(Pack.java:125)
        at soot.PackManager.runBodyPacks(PackManager.java:1009)
        at soot.PackManager.lambda$runBodyPacks$0(PackManager.java:660)
        at java.base/java.util.concurrent.ThreadPoolExecutor.runWorker(ThreadPoolExecutor.java:1128)
        at java.base/java.util.concurrent.ThreadPoolExecutor$Worker.run(ThreadPoolExecutor.java:628)
        at java.base/java.lang.Thread.run(Thread.java:834)

Instead of storing the ""state"" in instance variables, the state is stored
in local variables and passed to other methods via parameters methods as
needed.

Signed-off-by: Ingo Budde <ingo.budde@iem.fraunhofer.de>
Signed-off-by: Marcus Hüwe <marcus.huewe@iem.fraunhofer.de>",2020-04-09 14:47:14
