_id,sha,author,message
66949ab9f26daf15bd5de545,786cbefc8d47d1f4cf35ac538ae613dee2ac579a,roterEmil,"Merge pull request #100 from opalj/fix/nonDeterminismIssueInFieldImmutability

fixed non determinism issue in field immutability"
66949ab9f26daf15bd5de549,1354b63d825734c13a79a2cebc3cc2ea3dfc6c86,roterEmil,cleaned up field immutability analysis and resolved non-determinismbug I
66949ab9f26daf15bd5de54b,ffc70050e1074c5b2a172dce34db893f9a4d6a34,roterEmil,fixed non determinism issue in field immutability
66949ab9f26daf15bd5de5ef,f8a73f05531f5baef6d676c5eebaf92f151b6441,roterEmil,fixed (1/2) determinism problem
66949ab9f26daf15bd5de5f8,4c7dd31371d368976a3a19f8e4724ca9f90169c5,Tobias Roth,fixed non-determinism issue
66949ab9f26daf15bd5de8b6,cbee9d3a0a8a068d0ff7464ece96b97e6a5374db,Dominik Helm,"Fix nondeterminism bug in InterProceduralEscapeAnalysis


Former-commit-id: bdf7fe8f151f9d56598b5479726ec500524a4b24"
66949ab9f26daf15bd5dea3d,e032cff2674a3093b93708e20c801f9b18162f24,Florian Kübler,"Fixed non-determinism problem


Former-commit-id: 3df7bce9e46a6ce60cc2e8350d0a8f9a1e9aec39"
66949ab9f26daf15bd5debaa,53f8149da51d97a537670f0a097f222624f3fe87,Dominik Helm,"Fixing nondeterminism bug by reverting last week's nondeterminism bug fix...


Former-commit-id: 9807327cb972c79b4c2208011b31024785c27f4f"
66949ab9f26daf15bd5debbb,31eafc6c32bbec8b65e188780179d473ec7549bc,Dominik Helm,"Fix non-determinism problem


Former-commit-id: f0a12b4cdfe5457a275c13a96524a226f81f9809"
66949ab9f26daf15bd5debd8,55cdd02cf5b4e2d5c9947070abfa61b74f4942b1,Florian Kübler,"fixed non-determinism problem… still broken


Former-commit-id: e5f372e6d6951870cafddd490c1d0aee484bfcd4"
