_id,id,title,body,state,comments
64af4294998177add205c370,1309,Use linked variants of hash sets and maps.,"Overall this patch is straightforward: replacing nearly all instances of three data structures — JDK’s HashMap, HashSet, Hashtable — with their linked variations — LinkedHashMap and LinkedHashSet.

Aside from that there are only two small changes to keep unit tests passing:
1. Replacing `contains` with `containsInAnyOrder` to remove dependence on container iteration order.
2. Adding two classes from `java.lang.invoke` to a list of distinguished “basic” classes.",closed,"[""Hi. Thanks for your efforts in making Soot more deterministic. I'm struggling a bit with this patch since these linked data structures generally require a bit more space than the non-ordered one. In Soot's case, memory is an issue already, which is why I dislike making this the default. \r\n\r\nWhat do you think about introducing a factory for these datatypes and make it optional to use the ordered collections, so that the user can decide for her use-case if determinism is more important than space requirements?"", 'Hey @mbenz89!\r\n\r\nI think that introducing such a factory is technically feasible, and I am happy to update this PR to do exactly that. I suspect the intent might be to cover previously-patched hash maps and sets as well (?), and I could also include those.\r\n\r\nGiven that the motivation for this would come an existing issue about memory usage, I wonder whether it might be worth looking at the effect this patch would have on memory usage?\r\n\r\nYou probably wouldn’t want to introduce this extra factory unless it were really necessary, since that would be another user-level option (complicating Soot usage), and another burden on internal consistency (will the next would-be user of hash maps know to use this factory?)\r\n\r\nSo given that memory usage is already an issue: is there an issue tracking this? Are there any diagnostics or regressions? How does one figure out whether this PR makes memory usage in Soot worse for the benchmarks with which you’re concerned?\r\n\r\nI know these questions may be unanswerable, and I am happy to just add the factory if you wish. Thought I should ask just in case :-)', 'Also, according to [Java Performance Tuning Guide](http://java-performance.info/memory-consumption-of-java-data-types-2/), JDK’s linked hash set consumes exactly the same amount of memory as its hash set, and its linked hash map consumes only 8 bytes more memory per element.\r\n\r\nSo, for instance, assuming one thousand elements were stored in hash maps through Soot on a given execution, that would only add an overhead of 8KB; one million elements would incur 8MB overhead; etc.', 'Hi all.\r\n\r\n> Also, according to [Java Performance Tuning Guide](http://java-performance.info/memory-consumption-of-java-data-types-2/), JDK’s linked hash set consumes exactly the same amount of memory as its hash set, and its linked hash map consumes only 8 bytes more memory per element.\r\n> \r\n> So, for instance, assuming one thousand elements were stored in hash maps through Soot on a given execution, that would only add an overhead of 8KB; one million elements would incur 8MB overhead; etc.\r\n\r\nIf that is so then I think the impact should be rather benign. In any case I agree that if anything we should measure the impact before we go with factories.', 'Are there any particular tests one could target for such profiling?', ""> I think that introducing such a factory is technically feasible, and I am happy to update this PR to do exactly that. I suspect the intent might be to cover previously-patched hash maps and sets as well (?), and I could also include those.\r\n\r\nYes, that would be perfect!\r\n\r\n> Given that the motivation for this would come an existing issue about memory usage, I wonder whether it might be worth looking at the effect this patch would have on memory usage?\r\n\r\nI agree that we should measure the impact of that change first. \r\n\r\n> Also, according to Java Performance Tuning Guide, JDK’s linked hash set consumes exactly the same amount of memory as its hash set, and its linked hash map consumes only 8 bytes more memory per element.\r\n\r\nI profiled Soot some time ago and if I do not mix up things here, a huge chunk of memory was consumed due to map structures. Considering your source, it really doesn't sound like using ordered structures would also have a huge impact on memory usage. \r\n\r\n> You probably wouldn’t want to introduce this extra factory unless it were really necessary, since that would be another user-level option (complicating Soot usage), and another burden on internal consistency (will the next would-be user of hash maps know to use this factory?)\r\n\r\nI agree that this introduces maintenance effort. We would have to take care of contributors using the factory and put the burden to decide if it makes sense to use it in their specific use-case.\r\n\r\n> Are there any particular tests one could target for such profiling?\r\n\r\nWe observed memory issues with Soot especially in the context of commercial software projects that outscale any open-source project I know by far. We are already thinking about how we could lower Soot's memory footprint which is why I hesitate a bit on such changes. The impact, however, may not be as huge as I initially feared.\r\n\r\nUnfortunately, we do not have any test cases that would make sense for such a benchmakr. Analyzing the JDK itself is always a good starting point. Other than that, I guess you could just take a library from maven central and analyze it together with all its transitive dependencies. That should also lead to a rather huge amount of classes and Jimple Code.\r\n"", '@mbenz89 given the lack of adequate performance benchmarks, I have implemented your suggestion to use factory methods.', '@mbenz89 I’m having trouble rebasing this one due to the following merge, which reindented an entire file (Scene.java).\r\n\r\nhttps://github.com/Sable/soot/commit/b6a74bd9c44984949e03ccf19881c6c12de83cf6\r\n\r\nEven if I actually go through the tedious work of rebasing against these commits (which I have done locally), then my build reports 1461 check style violations due to the new indentation.\r\n\r\nShould I just ignore these warnings and push my rebased changes anyhow?', 'Hi @michael-emmi, thanks for going through that effort! \r\n\r\nIt seems that a push from a colleague has put the Scene into a state that violates our style guidelines. Therefore, the problem is not on your side. Sorry you already investigated the work for applying this style. I will fix the styling issues now and you can target your changes against the correct style. I guess you can just use the version of your change before you rebasing against the stated commit.\r\n\r\n', 'I fixed the formatting in 187c5f879a82873cd987397396ebdbc254a7a04d', '@mbenz89 thanks!\r\n\r\nI’ve just rebased and everything seems fine now, pending your approval.', '@ericbodden @mbenz89 any idea when this might be merged?', ""I think we all agreed that we should measure the performance impact of ordered collections before going with a factory. I can run some tests when I find time for it. Since I'm currently lacking time a lot and there are quite some other topics left on my agenda, this might still take some time.\r\n\r\nWould you have time to investigate the memory footprint for some larger projects? This won't be perfect but we could try to jimplify the JDK and build a callgraph and then before/after gc measure the memory footprint for both cases to get some idea. If the JDK is not large enough, I would just throw some larger libraries in the mix. "", '@mbenz89 I may have misunderstood the conversation above, but my take-aways are:\r\n1. The concern for potential overhead with linked hash maps is *memory* overhead, not time.\r\n2. We collectively have no way to determine the memory-overhead impact for clients of Soot.\r\n3. The factory-based solution you suggest nullifies that concern, since using linked hash maps becomes a Soot option.\r\n\r\n(I assume we are not concerned with the runtime performance overhead in the factory code itself, i.e., deciding whether to instantiate a linked or regular hash map. However, in case that is a concern, I will update the factory to make that decision at factory-instantiation time instead.)\r\n\r\nSo doesn’t the factory-based solution obviate the need for more rigorous performance testing?', 'Michael I am not at all a fan of the factory-based solution. It would be horrible to maintain in the future because we would need to somehow enforce that factories are, in fact, being used.\r\n\r\nFor that reason I would like to see some memory measurements to see if the footprint is, in fact, negligible. Then we could go without factories.', ""I am usually a big supporter of factories (in fact, it was my team that introduced factories for SootMethod, etc.). In this special case, however, I doubt that it makes sense, for the following reasons.\r\n\r\n- We might easily introduce new code that accidentially misses the factory and directly creates an instance. For something as basic as a set, people usually don't assume there is a factory.\r\n- Some algorithms use particular collections for a reason, such as having ordering contraints (or none of them), performance requirements on particular access patterns, etc. A generic factory cannot really help here.\r\n\r\nUnless there is a very good reason to make this change, I don't think we should do it.\r\n\r\n@ericbodden agreed."", 'I totally see your point, maintaining this is prone to error and would be a major effort.\r\n\r\nI think we should measure the impact of these ordered structures to get at least a coarse-grained view on memory requirements.\r\n\r\n> Some algorithms use particular collections for a reason, such as having ordering contraints (or none of them), performance requirements on particular access patterns, etc. A generic factory cannot really help here.\r\n\r\nThis problem would eliminate the possibility of such a bulk update of used collections altogether (independent of if we use a factory or not). I think there are a few algorithms that require ordered-collections. Do you know of opposite cases, where unordered collections are required @StevenArzt ? \r\n', '> This problem would eliminate the possibility of such a bulk update of used collections altogether (independent of if we use a factory or not). I think there are a few algorithms that require ordered-collections. Do you know of opposite cases, where unordered collections are required @StevenArzt ?\r\n\r\nNot exactly for ordering. However, not requiring an ordering can help with reducing memory consumption. Sometimes you rather take an array, or bitsets, or a HashSet, and would waste memory with a linked set.', 'Wanting to eschew the factory here makes perfect sense, and aligns with my initial argument against factories (see above).\r\n\r\nBut in that case I do not understand how to proceed with this PR, since:\r\n* The criterion of “acceptable performance overhead” in this case\xa0is not clear to me; e.g., what might be the required set of benchmarks, and threshold (?).\r\n* At the moment I do not have the resources nor expertise to conduct benchmarking.\r\n\r\nI would greatly appreciate your guidance on next steps!', ""@michael-emmi Manuel wrote:\r\n\r\n> Would you have time to investigate the memory footprint for some larger projects? This won't be perfect but we could try to jimplify the JDK and build a callgraph and then before/after gc measure the memory footprint for both cases to get some idea. If the JDK is not large enough, I would just throw some larger libraries in the mix.\r\n\r\nIs this something you could do? Or would you not find the time?"", ""> @michael-emmi Manuel wrote:\r\n> \r\n> > Would you have time to investigate the memory footprint for some larger projects? This won't be perfect but we could try to jimplify the JDK and build a callgraph and then before/after gc measure the memory footprint for both cases to get some idea. If the JDK is not large enough, I would just throw some larger libraries in the mix.\r\n> \r\n> Is this something you could do? Or would you not find the time?\r\n\r\nAt the moment I do not have the resources nor expertise to do this."", '@michael-emmi Hi! Is there a reason you deleted the PR? In general, I would be happy to have this kind of determinism in Soot, since non-determinism is something a lot of people already had their problems with during experimental evaluations. Unfortunately, we just have a lack of manpower here to get this quickly tested.\r\n\r\n@pavanupb would it make sense to use the test cases we used to test the performance impact of the synchronized maps in `Scene` to also test memory footprints among different versions of Soot? ', '> @michael-emmi Hi! Is there a reason you deleted the PR? In general, I would be happy to have this kind of determinism in Soot, since non-determinism is something a lot of people already had their problems with during experimental evaluations. Unfortunately, we just have a lack of manpower here to get this quickly tested.\r\n> \r\n> @pavanupb would it make sense to use the test cases we used to test the performance impact of the synchronized maps in `Scene` to also test memory footprints among different versions of Soot?\r\n\r\n@mbenz89 Yeah we could do that.', '@mbenz89 I did not mean to delete/close this PR —\xa0it may have been automatically closed when I revoked the changes to my fork’s branch. Apologies for that!\r\n\r\nThe reasons I revoked those changes are:\r\n1. Despite this PR’s intention to further reduce nondeterminism, a long-running experiment revealed that this PR was not quite effective in doing that.\r\n2. As you also mentioned above, the factory-based solution is not ideal. If this PR were to move forward, it would be better to do it without the CollectionFactory.\r\n\r\nAs a side-effect of the aforementioned experiment, I noticed no significant impact on memory overhead using with the linked- variants of hash sets and maps over several dozen runs on sizable codes (for which loading classes alone can take several minutes).', ""> Despite this PR’s intention to further reduce nondeterminism, a long-running experiment revealed that this PR was not quite effective in doing that.\r\n\r\nThat's unfortunate. We should effectively eliminate the non-determinism. Otherwise, I do not see a reason to merge this. However, I think this is a step in the correct direction!\r\n\r\n> As you also mentioned above, the factory-based solution is not ideal. If this PR were to move forward, it would be better to do it without the CollectionFactory.\r\n\r\nI agree. We should further test the impact on memory usage. As you theoretically and practically testified, the impact should be neglectible. If this stays true, and we fully eliminate non-determinism with it, I do not see a reason against using ordered collections all over the place.\r\n\r\n> Not exactly for ordering. However, not requiring an ordering can help with reducing memory consumption. Sometimes you rather take an array, or bitsets, or a HashSet, and would waste memory with a linked set.\r\n\r\n@StevenArzt that's why I am hesitating to go on with this change. We need to investigate the effective impact on Soot's memory footprint. If we, however, notice that the difference between ordered and non-ordered collections is indeed neglectable, would you see any other points that are against introducing ordered collections to gain a more deterministic version of Soot?\r\n\r\nBtw. I also think we should in no case replace BitSets with linked HashSets. Replacing HashSets with linked HashSets, however, shouldn't have a performance impact.""]"
64af4294998177add205c38c,1281,Deterministic generation of local variable names.,,closed,"['Some time ago we introduced the `LocalGenerator` which is encapsulating this naming behavior. Could you please refactor your fix to use the generator instead? ', ""Ahh thanks for the tip! I'll update this PR shortly."", 'do you have any test code available on which you experienced the issue?\r\nWe would be happy to include it as a test case', 'Hmm well I’m not sure how to write a test that will reliably fail due to nondeterminism.', 'Okay, I see. A test that specifies just the desiered outcome would be sufficient ', '@mbenz89 using the `LocalGenerator` now.\r\n\r\n@anddann I’m at a loss at how to write a test for this one. What I want to ensure is that a given Jimple assignment is given the same variable name in every run, *for a given Soot version, from the same Java byte code*. At the same time, fixing any particular name would make the test fragile —\xa0any future naming-related update could break it. That seems to leave us with running Soot twice and accessing the name of one particular unit’s assignment in each run. But I don’t actually know how to write a program for which such a name can vary across runs for two reasons. First, I have only observed this in very large programs whose sources I cannot reveal. Second, the variance seems to rely on JVM implementation details, e.g., how default hash-codes are generated.\r\n\r\nAs I do not know how to write a test for this that could ever fail, and you probably don’t want vacuous or fragile tests, could this PR could be admitted without an additional test?\r\n\r\nAnyhow a much better way to prevent regressions to this sort of thing is probably to ensure that (a) default hash-code values are never used, and (b) iteration does not occur over unordered data structures, i.e., by banning certain classes and method calls in the source code. This seems clearly beyond the scope of this PR.', 'Thanks @michael-emmi , sry my mistake. I totally see your point. From my side this PR can be merged.\r\nThanks a lot for your contribution', '@mbenz89 are you happy with this PR now?', ""Beyond my question, I'm happy with this pr. You are not only making Soot more deterministic but also cleaning up some old mess here. Thanks for contributing!""]"
64af4294998177add205c4a7,997,Nondeterminism in FastHierarchy with phantom classes,"The FastHierarchy uses intervals to efficiently represent subclassing relationships. When the FH is created, these intervals are computed by walking type hierarchy from Object, where the object interval begins at 0. Then, for each phantom class, FH walks those classes' type hierarchies to compute the intervals, again beginning at 0. Depending on the order classes are iterated, certain phantom classes can be assigned intervals that just happen to be subranges of intervals assigned to non-phantom classes. Across differnet runs, FH can nondeterministically and spuriously declare two classes subtypes of one another.

I'm not sure how to fix this bug. The easy solution would be to start each phantom classes' interval from the upper bound of the previous hierarchy's interval, but this is technically unsound as phantom classes may very well be subtypes of non-phantom classes.",open,"['Hi John. \r\n\r\nI got a very packed week and will be on vacation afterward, so please indulge me if this may take a few weeks to get resolved.', 'Yeah no problem. FWIW, I worked around this by ensuring all classes were in hierarchy, and as I mentioned in person, for large enough sets of classes the chances that any given subtype check will hit this bug are relatively small.', 'I also ran into this problem. To make it worse I encountered the case where `canStoreClass` is called with two classes that are both phantom (real phantoms without a hierarchy -> no super class set). In such a case the result is always `true`!\r\n\r\nShouldn\'t we add a check in the FastHierarchy for cases where one or both arguments are ""phantom"" classes without hierarchy/super class?\r\n\r\n\tSootClass c1 = Scene.v().forceResolve(""NonexistentClass1"", SootClass.HIERARCHY) ; \r\n\tSootClass c2 = Scene.v().forceResolve(""NonexistentClass2"", SootClass.HIERARCHY);\r\n\tSystem.out.println(Scene.v().getOrMakeFastHierarchy().canStoreClass(c1, c2)); // true']"
64af4294998177add205c4fe,910,Use slf4j instead of G.v().out ,As discussed in https://github.com/Sable/soot/pull/401#issuecomment-341720455 I changed all the G.v().out requests to slf4j.,closed,"['Can one of the admins verify this patch?', 'ok to test', '@jpstotz Can you have a look at the test failures, please?', 'I accidentally modified the code that was analyzed (`MethodThrowableSetClass.java`) by the TestCase that failed. Seems like the TestCase relies on `e.printStracTrace()`. reverted that file and now it passes the test.\r\n\r\nThe strange part is that on my local system the EnumTest and some other tests now fail but on the ci those tests work. Can it be that some tests are not reliable/deterministic at the moment?', ""@jpstotz Thanks for your contribution!\r\n\r\nI've never stumbled across any non-determinism regarding the tests outcomes. I wouldn't say there isn't, though. Were you able to track down the issue locally?"", ""I just performed some test using different branches. In the end I executed the branch with the failing tests using the command `mvn clean package  -U` (clean and update snapshots). Afterwards no test fails anymore.\r\n\r\nI don't fully understand it but my guess is that it was caused by an outdated snapshot of a dependency or a sub-dependency of a snapshot. The failing String comparison assertion e.g. of `EnumTest` were looking not completely wrong, but had minor differences. It looked like it had been formatted with a different version."", 'Looks like you also replaced all the calls to `G.v().out` in Main.java with `logger.debug()`. Combined with the fact that the default logging level is set to `INFO` means that there is now by default absolutely no console output anymore, apart from errors...', 'Good point! @jpstotz Could you fix this?\r\n\r\n', 'I already did what Github suggested and deleted the branch this pull request bases on. Therefore I made a new pull request: https://github.com/Sable/soot/pull/916']"
