_id,sha,author,message,date
64b02a25db66c7a5db95f95a,a04a8d67dc08d3669280779b9898780f2dab00e2,msridhar1,"sort CNF clauses before simplification for greater determinism

git-svn-id: https://wala.svn.sourceforge.net/svnroot/wala/trunk@2632 f5eafffb-2e1d-0410-98e4-8ec43c5233c4",2008-02-28 15:38:30
64b02a25db66c7a5db95fad9,2ee86573af34c60fd0a5f93ff916957b90552e57,sjfink,"switch a HashSet to a List to increase determinism

git-svn-id: https://wala.svn.sourceforge.net/svnroot/wala/trunk@3018 f5eafffb-2e1d-0410-98e4-8ec43c5233c4",2008-09-02 16:10:29
64b02a25db66c7a5db9600cc,7579f5644ae177b35364ea8bbe4e9819666ed05d,Manu Sridharan,"Change BitVectorRepository to use LinkedLists

This removes a nasty source of non-determinism when using
MutableSharedBitVectorIntSets.",2013-02-14 00:17:23
64b02a25db66c7a5db960ce7,3369f24cdd21f8b7091429bd4ce709cbb5164832,Ben Liblit,"`compileTestJavaUsingEcj` depends on `downloadJLex`

`compileTestJavaUsingEcj` uses an output file created by `downloadJLex`,
but the former did not previously declare the latter as a dependency.
By adding that dependency now, we resolve a Gradle warning, enable
certain Gradle execution optimizations, and remove a potential source of
task-order-dependent non-determinism in builds.

Omitting dependencies in this manner is deprecated in Gradle 7 and will
be removed in Gradle 8.",2021-09-06 00:51:08
