_id,id,title,body,state,comments
64af4e102062b0a7328145e4,949,`compileTestJavaUsingEcj` depends on `downloadJLex`,"`compileTestJavaUsingEcj` uses an output file created by `downloadJLex`, but the former did not previously declare the latter as a dependency. By adding that dependency now, we resolve a Gradle warning, enable certain Gradle execution optimizations, and remove a potential source of task-order-dependent non-determinism in builds.",closed,[]
64af4e102062b0a7328145e6,947,compileTestJavaUsingEcj depends on downloadJLex,"`compileTestJavaUsingEcj` uses an output file created by `downloadJLex`, but the former did not previously declare the latter as a dependency. By adding that dependency now, we resolve a Gradle warning, enable certain Gradle execution optimizations, and remove a potential source of task-order-dependent non-determinism in builds.",closed,[]
64af4e102062b0a732814605,916,Flaky test failures on Ubuntu JDK 11,"On CI, we occasionally get a test failure in `com.ibm.wala.core` only on JDK 11, with a stack like the following:
```
com.ibm.wala.core.tests.callGraph.CallGraphTest > testJava_cup FAILED
341
    java.lang.AssertionError
342
        at com.ibm.wala.util.intset.BitVectorIntSet$1.hasNext(BitVectorIntSet.java:228)
343
        at com.ibm.wala.ipa.callgraph.propagation.rta.DelegatingExplicitCallGraph$DelegatingEdgeManager.getPredNodeNumbers(DelegatingExplicitCallGraph.java:243)
344
        at com.ibm.wala.ipa.callgraph.impl.ExplicitCallGraph$ExplicitEdgeManager.getPredNodes(ExplicitCallGraph.java:374)
345
        at com.ibm.wala.ipa.callgraph.impl.ExplicitCallGraph$ExplicitEdgeManager.getPredNodes(ExplicitCallGraph.java:343)
346
        at com.ibm.wala.util.graph.AbstractGraph.getPredNodes(AbstractGraph.java:66)
347
        at com.ibm.wala.util.graph.GraphIntegrity.checkEdges(GraphIntegrity.java:90)
348
        at com.ibm.wala.util.graph.GraphIntegrity.check(GraphIntegrity.java:41)
349
        at com.ibm.wala.core.tests.callGraph.CallGraphTest.doCallGraphs(CallGraphTest.java:408)
350
        at 
```
I do not know how this could be failing only on JDK 11.  I will try updating the JDK used in CI to see if it goes away due to a fixed JVM bug.  If it doesn't, I will have to investigate further.",closed,"[""Update: #917 did not fix this problem.  I also cannot reproduce on Mac.  It may be a combination of a WALA bug and some non-determinism that is only getting exposed on Linux JDK 11.  It's a tough one to debug."", 'Should we consider disabling this test when running on Java 11 until the problem can be fixed? This non-deterministic failure creates a speed bump for other changes: we need to rerun *all* GitHub CI jobs until we get lucky for this one flaky test.', ""The problem is it's not always the same test that fails.  In the example above, it was `test_Javacup`, but in the CI job that failed for #954 it was `testOcamlHash`.  We could try disabling both of these on Java 11 for now, I guess.\r\n\r\nI really wish I had a way to repro this one.  I tried installing WALA in an Ubuntu Docker container on my Mac and running `testOcamlHash` several times, but never saw a failure."", ""I haven't seen these failures in a while; hopefully a JDK update fixed it.  Closing until we see it again""]"
64af4e102062b0a73281493f,88,Different call graphs for APK on subsequent runs,"I am struggling to build Java call graphs from APK files in a reproducable manner. I expect the call graph to be the same every time I build it, but the number of nodes differ up to a couple hundred between subsequent runs, although the code and circumstances do not seem to differ. Does anyone have an idea of what I am doing wrong?

I added some sample code below. It runs the ZeroCFABuilder 100 times on the ""de.guh.finanzchecker"" Android App I downloaded from the Google Play Store, although I encountered this problem with many other apps, too. Additionally I took the android.jar from API level 19. I then print the number of nodes and write nodes from the call graph into a file for debugging purposes. When I run this on my Arch Linux machine using ""openjdk version 1.8.0_51"" and the latest master branch of WALA, I got at least 10 different call graphs, ranging from 6984 to 7027 nodes. I appended the delta nodes from those two examples below the code.

``` Java
public static void main(String[] args)
        throws IOException, ClassHierarchyException, IllegalArgumentException, CallGraphBuilderCancelException {
    for (int i = 0; i < 100; i++) {
        AnalysisScope scope = DalvikTestBase.makeDalvikScope(null, new File(""android19.jar""),
                new File(""de.guh.finanzchecker.apk"").getCanonicalPath());
        ClassHierarchy cha = ClassHierarchy.make(scope);
        AnalysisCache cache = new AnalysisCache(new DexIRFactory());
        Set set = new HashSet();
        set.add(LocatorFlags.INCLUDE_CALLBACKS);
        set.add(LocatorFlags.EP_HEURISTIC);
        set.add(LocatorFlags.CB_HEURISTIC);
        AndroidEntryPointLocator eps = new AndroidEntryPointLocator(set);
        AnalysisOptions options = new AnalysisOptions(scope, eps.getEntryPoints(cha));
        options.setReflectionOptions(ReflectionOptions.FULL);
        CallGraphBuilder cgb = Util.makeZeroCFABuilder(options, cache, cha, scope);
        CallGraph cg = cgb.makeCallGraph(options, null);


        File out = new File(cg.getNumberOfNodes() + ""nodes.txt"");
        if (out.exists())
            out.delete();
        System.out.println(cg.getNumberOfNodes());
        FileWriter fw = new FileWriter(out);
        List<String> nodes = new ArrayList<String>();
        for (Iterator<CGNode> it = cg.iterator(); it.hasNext();) {
            nodes.add(it.next().toString());
        }
        nodes.sort(new Comparator<String>() {
            @Override
            public int compare(String o1, String o2) {
                return o1.compareTo(o2);
            }
        });
        for (String str : nodes) {
            fw.write(str + ""\n"");
        }
        fw.close();
    }
}
```

```
> Node: < Application, Lcom/squareup/okhttp/internal/spdy/Hpack$HeaderEntry, <init>(Ljava/lang/String;Ljava/lang/String;)V > Context: Everywhere
> Node: < Application, Lcom/squareup/okhttp/internal/spdy/Hpack$HeaderEntry, access$0(Lcom/squareup/okhttp/internal/spdy/Hpack$HeaderEntry;)Ljava/lang/String; > Context: Everywhere
> Node: < Application, Lcom/squareup/okhttp/internal/spdy/Hpack$HeaderEntry, access$1(Lcom/squareup/okhttp/internal/spdy/Hpack$HeaderEntry;)Ljava/lang/String; > Context: Everywhere
> Node: < Application, Lcom/squareup/okhttp/internal/spdy/Hpack$HeaderEntry, length()I > Context: Everywhere
> Node: < Application, Lcom/squareup/okhttp/internal/spdy/Hpack$Reader, <init>(Ljava/io/DataInputStream;Z)V > Context: Everywhere
> Node: < Application, Lcom/squareup/okhttp/internal/spdy/Hpack$Reader, emitReferenceSet()V > Context: Everywhere
> Node: < Application, Lcom/squareup/okhttp/internal/spdy/Hpack$Reader, getAndReset()Ljava/util/List; > Context: Everywhere
> Node: < Application, Lcom/squareup/okhttp/internal/spdy/Hpack$Reader, getName(I)Ljava/lang/String; > Context: Everywhere
> Node: < Application, Lcom/squareup/okhttp/internal/spdy/Hpack$Reader, getValue(I)Ljava/lang/String; > Context: Everywhere
> Node: < Application, Lcom/squareup/okhttp/internal/spdy/Hpack$Reader, insertIntoHeaderTable(ILcom/squareup/okhttp/internal/spdy/Hpack$HeaderEntry;)V > Context: Everywhere
> Node: < Application, Lcom/squareup/okhttp/internal/spdy/Hpack$Reader, readByte()I > Context: Everywhere
> Node: < Application, Lcom/squareup/okhttp/internal/spdy/Hpack$Reader, readHeaders(I)V > Context: Everywhere
> Node: < Application, Lcom/squareup/okhttp/internal/spdy/Hpack$Reader, readIndexedHeader(I)V > Context: Everywhere
> Node: < Application, Lcom/squareup/okhttp/internal/spdy/Hpack$Reader, readInt(II)I > Context: Everywhere
> Node: < Application, Lcom/squareup/okhttp/internal/spdy/Hpack$Reader, readLiteralHeaderWithIncrementalIndexingIndexedName(I)V > Context: Everywhere
> Node: < Application, Lcom/squareup/okhttp/internal/spdy/Hpack$Reader, readLiteralHeaderWithIncrementalIndexingNewName()V > Context: Everywhere
> Node: < Application, Lcom/squareup/okhttp/internal/spdy/Hpack$Reader, readLiteralHeaderWithSubstitutionIndexingIndexedName(I)V > Context: Everywhere
> Node: < Application, Lcom/squareup/okhttp/internal/spdy/Hpack$Reader, readLiteralHeaderWithSubstitutionIndexingNewName()V > Context: Everywhere
> Node: < Application, Lcom/squareup/okhttp/internal/spdy/Hpack$Reader, readLiteralHeaderWithoutIndexingIndexedName(I)V > Context: Everywhere
> Node: < Application, Lcom/squareup/okhttp/internal/spdy/Hpack$Reader, readLiteralHeaderWithoutIndexingNewName()V > Context: Everywhere
> Node: < Application, Lcom/squareup/okhttp/internal/spdy/Hpack$Reader, readString()Ljava/lang/String; > Context: Everywhere
> Node: < Application, Lcom/squareup/okhttp/internal/spdy/Hpack$Reader, remove(I)V > Context: Everywhere
> Node: < Application, Lcom/squareup/okhttp/internal/spdy/Hpack$Writer, <init>(Ljava/io/OutputStream;)V > Context: Everywhere
> Node: < Application, Lcom/squareup/okhttp/internal/spdy/Hpack$Writer, writeHeaders(Ljava/util/List;)V > Context: Everywhere
> Node: < Application, Lcom/squareup/okhttp/internal/spdy/Hpack$Writer, writeInt(III)V > Context: Everywhere
> Node: < Application, Lcom/squareup/okhttp/internal/spdy/Hpack$Writer, writeString(Ljava/lang/String;)V > Context: Everywhere
> Node: < Application, Lcom/squareup/okhttp/internal/spdy/Hpack, <clinit>()V > Context: Everywhere
> Node: < Application, Lcom/squareup/okhttp/internal/spdy/Http20Draft06$Reader, <init>(Ljava/io/InputStream;Z)V > Context: Everywhere
> Node: < Application, Lcom/squareup/okhttp/internal/spdy/Http20Draft06$Writer, <init>(Ljava/io/OutputStream;Z)V > Context: Everywhere
> Node: < Application, Lcom/squareup/okhttp/internal/spdy/Http20Draft06, newReader(Ljava/io/InputStream;Z)Lcom/squareup/okhttp/internal/spdy/FrameReader; > Context: Everywhere
> Node: < Application, Lcom/squareup/okhttp/internal/spdy/Http20Draft06, newWriter(Ljava/io/OutputStream;Z)Lcom/squareup/okhttp/internal/spdy/FrameWriter; > Context: Everywhere
> Node: < Primordial, Ljava/io/DataInputStream, readByte()B > Context: Everywhere
> Node: < Primordial, Ljava/io/DataInputStream, readFully([B)V > Context: Everywhere
> Node: < Primordial, Ljava/io/DataInputStream, readFully([BII)V > Context: Everywhere
> Node: < Primordial, Ljava/lang/Long, numberOfTrailingZeros(J)I > Context: Everywhere
> Node: < Primordial, Ljava/util/BitSet, <init>()V > Context: Everywhere
> Node: < Primordial, Ljava/util/BitSet, clear(I)V > Context: Everywhere
> Node: < Primordial, Ljava/util/BitSet, get(I)Z > Context: Everywhere
> Node: < Primordial, Ljava/util/BitSet, nextSetBit(I)I > Context: Everywhere
> Node: < Primordial, Ljava/util/BitSet, recalculateWordsInUse()V > Context: Everywhere
> Node: synthetic < Primordial, Ljava/lang/Object, clone()Ljava/lang/Object; > Context: JavaTypeContext<point: <Application,[Lcom/squareup/okhttp/internal/spdy/Hpack$HeaderEntry>>
> Node: synthetic < Primordial, Ljava/lang/Object, getClass()Ljava/lang/Class; > Context: JavaTypeContext<point: <Application,Lcom/squareup/okhttp/internal/spdy/Hpack$HeaderEntry>>
> Node: synthetic < Primordial, Ljava/lang/Object, getClass()Ljava/lang/Class; > Context: JavaTypeContext<point: <Application,[Lcom/squareup/okhttp/internal/spdy/Hpack$HeaderEntry>>
```
",closed,"[""Sorry for the slow response.  This is bad.  Can you give a URL of an APK file on which you're observing this behavior?\n"", ""Here's one version of the app, however I don't know if that's the one the OP has problems with: http://www.appjenny.com/Android/App/88082/de.guh.finanzchecker/Download\n"", 'Sorry for the late reply. I tried narrowing down the issue to just a few classes, but was unsuccessful. The issue even occurs when analysing a freshly created [Apache Cordova](http://cordova.apache.org/) application. I assume it has to do with some part of the Apache Cordova framework. I compiled one for you and uploaded it [here](https://bwsyncandshare.kit.edu/getlink/fi4YEq2cozQxHfLfhXh3MKqV/HelloCordova-debug.apk).\n\nIn order to make it work with my code snippet, you have to exchange the correct path to this APK as well as drop the `${ANDROID_HOME}/platforms/android-19/android.jar` into the folder as `android19.jar` (or whatever you specify in the snippet).\n\nIf you have any trouble reproducing the issue, please let me know.\n', 'Ok, so I spent a bit of time on this, and one issue is there seems to be considerable non-determinism in the `AndroidEntryPointLocator`.  If you change the driver code to the following, you\'ll see the non-determinism:\n\n``` java\n  public static void main(String[] args)\n      throws IOException, ClassHierarchyException, IllegalArgumentException, CallGraphBuilderCancelException {\n  for (int i = 0; i < 100; i++) {\n      AnalysisScope scope = com.ibm.wala.dalvik.test.util.Util.makeDalvikScope(null, new File(""/Users/m.sridharan/Library/Android/sdk/platforms/android-19/android.jar""),\n              new File(""/Users/m.sridharan/Downloads/HelloCordova-debug.apk"").getCanonicalPath());\n      ClassHierarchy cha = ClassHierarchy.make(scope);\n      System.out.println(cha.getNumberOfClasses() + "" classes"");\n      AnalysisCache cache = new AnalysisCache(new DexIRFactory());\n      Set<LocatorFlags> set = new HashSet<LocatorFlags>();\n      set.add(LocatorFlags.INCLUDE_CALLBACKS);\n      set.add(LocatorFlags.EP_HEURISTIC);\n      set.add(LocatorFlags.CB_HEURISTIC);\n      AndroidEntryPointLocator eps = new AndroidEntryPointLocator(set);\n      List<AndroidEntryPoint> entryPoints = eps.getEntryPoints(cha);\n      System.out.println(entryPoints.size() + "" entrypoints"");\n      File out = new File(entryPoints.size() + ""entries.txt"");\n      if (out.exists())\n          out.delete();\n      FileWriter fw = new FileWriter(out);\n      List<String> nodes = new ArrayList<String>();\n      for (Iterator<AndroidEntryPoint> it = entryPoints.iterator(); it.hasNext();) {\n          nodes.add(it.next().toString());\n      }\n      Collections.sort(nodes, new Comparator<String>() {\n          @Override\n          public int compare(String o1, String o2) {\n              return o1.compareTo(o2);\n          }\n      });\n      for (String str : nodes) {\n          fw.write(str + ""\\n"");\n      }\n      fw.close();\n  }\n```\n\nThe entrypoint counts I see vary between 638 and 675.  \n\nI\'m not too familiar with this Android entrypoint code.  @mohrm do you know this code better?  Could you take a look?\n', 'I also executed the example code above and still get variations, when just using the proposed fixes. However, on the current https://github.com/joana-team/WALA master branch, there are no variations anymore. So, pull request #134 only solves part of #88.', 'Ah, forgot to add hashCode() and equals() for DexModuleEntry. Now it works, always outputs 675.', 'Fixed by #134 ']"
64af4e102062b0a732814948,79,Changes from the Joana team over the last months,"Hi (once again)!

Here are our fixes and changes (mainly) to the com.ibm.wala.dalvik project which we performed since since the merge in August '14.
We will probably switch our fork from jgf/WALA to this one so that it is really a fork of the main WALA repo, which should make contribution a lot easier. This could be a first step to eventually switching over to the main WALA repo.

This time, I ran the whole travis stuff on a clean git state and it worked.
",closed,"['This is strange, that error did not occur on my machine.\n', ""What I find even stranger is that it works now!!\nThere was exactly one test which failed:\nrunTest[DroidBench: /tmp/DroidBench/apk/Callbacks/Unregister1.apk](com.ibm.wala.dalvik.test.callGraph.droidbench.CallbacksTest)  Time elapsed: 1.75 sec  <<< FAILURE!\njava.lang.AssertionError: [< Application, Lde/ecspride/MainActivity$1, onClick(Landroid/view/View;)V >] should be empty\n(see log)\nWhile travis was running, I realized that I forgot to add logging libs to the eclipse project class path of the dalvik project, so I committed that. This resulted in a new pull request on which Travis ran through successfully...and I really don't know why because my commit did not have anything to do with fixing incomplete call graphs (at all!!)!\n"", ""@mohrm we've seen lots of flakiness on Travis before.  It could just be some non-determinism.  I'll look through these changes soon.  @juliandolby are we all set in terms of CLAs and the like?\n"", ""I agree, they are not needed anymore. I think, most of them were not removed in the merge of August and thus are still present. If you're okay with it, I can remove (most of) them.\n"", '@mohrm sure, you can remove the custom change comments on this PR, and we can remove other ones already in the codebase in a separate PR maybe.\n', 'BTW, feel free to just push more commits to the branch, which will update this pull request.  No need to close and open a new PR.\n', ""PR looks good to me.  I'll leave it to @juliandolby to merge once he's sure the CLA stuff is all fine\n""]"
