{"benchmark": [{"name": "UnreachableCode/UnreachableCode/build/outputs/apk/debug/UnreachableCode.apk", "sources": ["UnreachableCode/UnreachableCode"], "build_script": "UnreachableCode/build.sh"}, {"name": "Exceptions4/Exceptions4/build/outputs/apk/debug/Exceptions4.apk", "sources": ["Exceptions4/Exceptions4"], "build_script": "Exceptions4/build.sh"}, {"name": "PublicAPIField2/PublicAPIField2/build/outputs/apk/debug/PublicAPIField2.apk", "sources": ["PublicAPIField2/PublicAPIField2"], "build_script": "PublicAPIField2/build.sh"}, {"name": "BytecodeTamper4/BytecodeTamper4/build/outputs/apk/debug/BytecodeTamper4.apk", "sources": ["BytecodeTamper4/BytecodeTamper4"], "build_script": "BytecodeTamper4/build.sh"}, {"name": "Exceptions5/Exceptions5/build/outputs/apk/debug/Exceptions5.apk", "sources": ["Exceptions5/Exceptions5"], "build_script": "Exceptions5/build.sh"}, {"name": "ActivityCommunication4/ActivityCommunication4/build/outputs/apk/debug/ActivityCommunication4.apk", "sources": ["ActivityCommunication4/ActivityCommunication4"], "build_script": "ActivityCommunication4/build.sh"}, {"name": "Clone1/Clone1/build/outputs/apk/debug/Clone1.apk", "sources": ["Clone1/Clone1"], "build_script": "Clone1/build.sh"}, {"name": "FieldSensitivity2/FieldSensitivity2/build/outputs/apk/debug/FieldSensitivity2.apk", "sources": ["FieldSensitivity2/FieldSensitivity2"], "build_script": "FieldSensitivity2/build.sh"}, {"name": "Exceptions3/Exceptions3/build/outputs/apk/debug/Exceptions3.apk", "sources": ["Exceptions3/Exceptions3"], "build_script": "Exceptions3/build.sh"}, {"name": "JavaThread2/JavaThread2/build/outputs/apk/debug/JavaThread2.apk", "sources": ["JavaThread2/JavaThread2"], "build_script": "JavaThread2/build.sh"}, {"name": "OnlyIntentReceive/OnlyIntentReceive/build/outputs/apk/debug/OnlyIntentReceive.apk", "sources": ["OnlyIntentReceive/OnlyIntentReceive"], "build_script": "OnlyIntentReceive/build.sh"}, {"name": "UnresolvableIntent1/UnresolvableIntent1/build/outputs/apk/debug/UnresolvableIntent1.apk", "sources": ["UnresolvableIntent1/UnresolvableIntent1"], "build_script": "UnresolvableIntent1/build.sh"}, {"name": "BroadcastTaintAndLeak1/BroadcastTaintAndLeak1/build/outputs/apk/debug/BroadcastTaintAndLeak1.apk", "sources": ["BroadcastTaintAndLeak1/BroadcastTaintAndLeak1"], "build_script": "BroadcastTaintAndLeak1/build.sh"}, {"name": "ApplicationModeling1/ApplicationModeling1/build/outputs/apk/debug/ApplicationModeling1.apk", "sources": ["ApplicationModeling1/ApplicationModeling1"], "build_script": "ApplicationModeling1/build.sh"}, {"name": "Looper1/Looper1/build/outputs/apk/debug/Looper1.apk", "sources": ["Looper1/Looper1"], "build_script": "Looper1/build.sh"}, {"name": "Reflection5/Reflection5/build/outputs/apk/debug/Reflection5.apk", "sources": ["Reflection5/Reflection5"], "build_script": "Reflection5/build.sh"}, {"name": "TimerTask1/TimerTask1/build/outputs/apk/debug/TimerTask1.apk", "sources": ["TimerTask1/TimerTask1"], "build_script": "TimerTask1/build.sh"}, {"name": "StringPatternMatching1/StringPatternMatching1/build/outputs/apk/debug/StringPatternMatching1.apk", "sources": ["StringPatternMatching1/StringPatternMatching1"], "build_script": "StringPatternMatching1/build.sh"}, {"name": "BytecodeTamper1/BytecodeTamper1/build/outputs/apk/debug/BytecodeTamper1.apk", "sources": ["BytecodeTamper1/BytecodeTamper1"], "build_script": "BytecodeTamper1/build.sh"}, {"name": "InheritedObjects1/InheritedObjects1/build/outputs/apk/debug/InheritedObjects1.apk", "sources": ["InheritedObjects1/InheritedObjects1"], "build_script": "InheritedObjects1/build.sh"}, {"name": "Build1/Build1/build/outputs/apk/debug/Build1.apk", "sources": ["Build1/Build1"], "build_script": "Build1/build.sh"}, {"name": "LocationLeak2/LocationLeak2/build/outputs/apk/debug/LocationLeak2.apk", "sources": ["LocationLeak2/LocationLeak2"], "build_script": "LocationLeak2/build.sh"}, {"name": "DynamicSource1/DynamicSource1/build/outputs/apk/debug/DynamicSource1.apk", "sources": ["DynamicSource1/DynamicSource1"], "build_script": "DynamicSource1/build.sh"}, {"name": "ActivityLifecycle3/ActivityLifecycle3/build/outputs/apk/debug/ActivityLifecycle3.apk", "sources": ["ActivityLifecycle3/ActivityLifecycle3"], "build_script": "ActivityLifecycle3/build.sh"}, {"name": "OnlyTelephony_Dynamic/OnlyTelephony_Dynamic/build/outputs/apk/debug/OnlyTelephony_Dynamic.apk", "sources": ["OnlyTelephony_Dynamic/OnlyTelephony_Dynamic"], "build_script": "OnlyTelephony_Dynamic/build.sh"}, {"name": "LocationLeak3/LocationLeak3/build/outputs/apk/debug/LocationLeak3.apk", "sources": ["LocationLeak3/LocationLeak3"], "build_script": "LocationLeak3/build.sh"}, {"name": "ArrayAccess3/ArrayAccess3/build/outputs/apk/debug/ArrayAccess3.apk", "sources": ["ArrayAccess3/ArrayAccess3"], "build_script": "ArrayAccess3/build.sh"}, {"name": "Reflection6/Reflection6/build/outputs/apk/debug/Reflection6.apk", "sources": ["Reflection6/Reflection6"], "build_script": "Reflection6/build.sh"}, {"name": "FieldSensitivity4/FieldSensitivity4/build/outputs/apk/debug/FieldSensitivity4.apk", "sources": ["FieldSensitivity4/FieldSensitivity4"], "build_script": "FieldSensitivity4/build.sh"}, {"name": "Contacts1/Contacts1/build/outputs/apk/debug/Contacts1.apk", "sources": ["Contacts1/Contacts1"], "build_script": "Contacts1/build.sh"}, {"name": "SourceInNativeCode/SourceInNativeCode/build/outputs/apk/debug/SourceInNativeCode.apk", "sources": ["SourceInNativeCode/SourceInNativeCode"], "build_script": "SourceInNativeCode/build.sh"}, {"name": "SinkInNativeLibCode/SinkInNativeLibCode/build/outputs/apk/debug/SinkInNativeLibCode.apk", "sources": ["SinkInNativeLibCode/SinkInNativeLibCode"], "build_script": "SinkInNativeLibCode/build.sh"}, {"name": "PlayStore2/PlayStore2/build/outputs/apk/debug/PlayStore2.apk", "sources": ["PlayStore2/PlayStore2"], "build_script": "PlayStore2/build.sh"}, {"name": "DynamicSink1/DynamicSink1/build/outputs/apk/debug/DynamicSink1.apk", "sources": ["DynamicSink1/DynamicSink1"], "build_script": "DynamicSink1/build.sh"}, {"name": "Exceptions1/Exceptions1/build/outputs/apk/debug/Exceptions1.apk", "sources": ["Exceptions1/Exceptions1"], "build_script": "Exceptions1/build.sh"}, {"name": "ActivityCommunication6/ActivityCommunication6/build/outputs/apk/debug/ActivityCommunication6.apk", "sources": ["ActivityCommunication6/ActivityCommunication6"], "build_script": "ActivityCommunication6/build.sh"}, {"name": "ArrayAccess5/ArrayAccess5/build/outputs/apk/debug/ArrayAccess5.apk", "sources": ["ArrayAccess5/ArrayAccess5"], "build_script": "ArrayAccess5/build.sh"}, {"name": "Library2/Library2/build/outputs/apk/debug/Library2.apk", "sources": ["Library2/Library2"], "build_script": "Library2/build.sh"}, {"name": "Collector/Collector/build/outputs/apk/debug/Collector.apk", "sources": ["Collector/Collector"], "build_script": "Collector/build.sh"}, {"name": "AsynchronousEventOrdering1/AsynchronousEventOrdering1/build/outputs/apk/debug/AsynchronousEventOrdering1.apk", "sources": ["AsynchronousEventOrdering1/AsynchronousEventOrdering1"], "build_script": "AsynchronousEventOrdering1/build.sh"}, {"name": "ActivityCommunication3/ActivityCommunication3/build/outputs/apk/debug/ActivityCommunication3.apk", "sources": ["ActivityCommunication3/ActivityCommunication3"], "build_script": "ActivityCommunication3/build.sh"}, {"name": "ArrayAccess2/ArrayAccess2/build/outputs/apk/debug/ArrayAccess2.apk", "sources": ["ArrayAccess2/ArrayAccess2"], "build_script": "ArrayAccess2/build.sh"}, {"name": "ServiceLifecycle1/ServiceLifecycle1/build/outputs/apk/debug/ServiceLifecycle1.apk", "sources": ["ServiceLifecycle1/ServiceLifecycle1"], "build_script": "ServiceLifecycle1/build.sh"}, {"name": "DynamicBoth1/DynamicBoth1/build/outputs/apk/debug/DynamicBoth1.apk", "sources": ["DynamicBoth1/DynamicBoth1"], "build_script": "DynamicBoth1/build.sh"}, {"name": "PrivateDataLeak1/PrivateDataLeak1/build/outputs/apk/debug/PrivateDataLeak1.apk", "sources": ["PrivateDataLeak1/PrivateDataLeak1"], "build_script": "PrivateDataLeak1/build.sh"}, {"name": "ArrayToString1/ArrayToString1/build/outputs/apk/debug/ArrayToString1.apk", "sources": ["ArrayToString1/ArrayToString1"], "build_script": "ArrayToString1/build.sh"}, {"name": "VirtualDispatch2/VirtualDispatch2/build/outputs/apk/debug/VirtualDispatch2.apk", "sources": ["VirtualDispatch2/VirtualDispatch2"], "build_script": "VirtualDispatch2/build.sh"}, {"name": "Reflection9/Reflection9/build/outputs/apk/debug/Reflection9.apk", "sources": ["Reflection9/Reflection9"], "build_script": "Reflection9/build.sh"}, {"name": "LocationLeak1/LocationLeak1/build/outputs/apk/debug/LocationLeak1.apk", "sources": ["LocationLeak1/LocationLeak1"], "build_script": "LocationLeak1/build.sh"}, {"name": "ServiceEventSequence2/ServiceEventSequence2/build/outputs/apk/debug/ServiceEventSequence2.apk", "sources": ["ServiceEventSequence2/ServiceEventSequence2"], "build_script": "ServiceEventSequence2/build.sh"}, {"name": "Loop2/Loop2/build/outputs/apk/debug/Loop2.apk", "sources": ["Loop2/Loop2"], "build_script": "Loop2/build.sh"}, {"name": "InactiveActivity/InactiveActivity/build/outputs/apk/debug/InactiveActivity.apk", "sources": ["InactiveActivity/InactiveActivity"], "build_script": "InactiveActivity/build.sh"}, {"name": "Merge1/Merge1/build/outputs/apk/debug/Merge1.apk", "sources": ["Merge1/Merge1"], "build_script": "Merge1/build.sh"}, {"name": "NativeIDFunction/NativeIDFunction/build/outputs/apk/debug/NativeIDFunction.apk", "sources": ["NativeIDFunction/NativeIDFunction"], "build_script": "NativeIDFunction/build.sh"}, {"name": "SinkInNativeCode/SinkInNativeCode/build/outputs/apk/debug/SinkInNativeCode.apk", "sources": ["SinkInNativeCode/SinkInNativeCode"], "build_script": "SinkInNativeCode/build.sh"}, {"name": "ArrayAccess1/ArrayAccess1/build/outputs/apk/debug/ArrayAccess1.apk", "sources": ["ArrayAccess1/ArrayAccess1"], "build_script": "ArrayAccess1/build.sh"}, {"name": "SourceCodeSpecific1/SourceCodeSpecific1/build/outputs/apk/debug/SourceCodeSpecific1.apk", "sources": ["SourceCodeSpecific1/SourceCodeSpecific1"], "build_script": "SourceCodeSpecific1/build.sh"}, {"name": "PlayStore1/PlayStore1/build/outputs/apk/debug/PlayStore1.apk", "sources": ["PlayStore1/PlayStore1"], "build_script": "PlayStore1/build.sh"}, {"name": "ActivityLifecycle2/ActivityLifecycle2/build/outputs/apk/debug/ActivityLifecycle2.apk", "sources": ["ActivityLifecycle2/ActivityLifecycle2"], "build_script": "ActivityLifecycle2/build.sh"}, {"name": "ServiceLifecycle2/ServiceLifecycle2/build/outputs/apk/debug/ServiceLifecycle2.apk", "sources": ["ServiceLifecycle2/ServiceLifecycle2"], "build_script": "ServiceLifecycle2/build.sh"}, {"name": "UnreachableBoth/UnreachableBoth/build/outputs/apk/debug/UnreachableBoth.apk", "sources": ["UnreachableBoth/UnreachableBoth"], "build_script": "UnreachableBoth/build.sh"}, {"name": "ImplicitFlow3/ImplicitFlow3/build/outputs/apk/debug/ImplicitFlow3.apk", "sources": ["ImplicitFlow3/ImplicitFlow3"], "build_script": "ImplicitFlow3/build.sh"}, {"name": "Bluetooth1/Bluetooth1/build/outputs/apk/debug/Bluetooth1.apk", "sources": ["Bluetooth1/Bluetooth1"], "build_script": "Bluetooth1/build.sh"}, {"name": "SharedPreferenceChanged1/SharedPreferenceChanged1/build/outputs/apk/debug/SharedPreferenceChanged1.apk", "sources": ["SharedPreferenceChanged1/SharedPreferenceChanged1"], "build_script": "SharedPreferenceChanged1/build.sh"}, {"name": "ServiceEventSequence1/ServiceEventSequence1/build/outputs/apk/debug/ServiceEventSequence1.apk", "sources": ["ServiceEventSequence1/ServiceEventSequence1"], "build_script": "ServiceEventSequence1/build.sh"}, {"name": "Button5/Button5/build/outputs/apk/debug/Button5.apk", "sources": ["Button5/Button5"], "build_script": "Button5/build.sh"}, {"name": "Exceptions6/Exceptions6/build/outputs/apk/debug/Exceptions6.apk", "sources": ["Exceptions6/Exceptions6"], "build_script": "Exceptions6/build.sh"}, {"name": "FragmentLifecycle2/FragmentLifecycle2/build/outputs/apk/debug/FragmentLifecycle2.apk", "sources": ["FragmentLifecycle2/FragmentLifecycle2"], "build_script": "FragmentLifecycle2/build.sh"}, {"name": "ActivityCommunication2/ActivityCommunication2/build/outputs/apk/debug/ActivityCommunication2.apk", "sources": ["ActivityCommunication2/ActivityCommunication2"], "build_script": "ActivityCommunication2/build.sh"}, {"name": "BroadcastReceiverLifecycle1/BroadcastReceiverLifecycle1/build/outputs/apk/debug/BroadcastReceiverLifecycle1.apk", "sources": ["BroadcastReceiverLifecycle1/BroadcastReceiverLifecycle1"], "build_script": "BroadcastReceiverLifecycle1/build.sh"}, {"name": "FragmentLifecycle1/FragmentLifecycle1/build/outputs/apk/debug/FragmentLifecycle1.apk", "sources": ["FragmentLifecycle1/FragmentLifecycle1"], "build_script": "FragmentLifecycle1/build.sh"}, {"name": "Reflection1/Reflection1/build/outputs/apk/debug/Reflection1.apk", "sources": ["Reflection1/Reflection1"], "build_script": "Reflection1/build.sh"}, {"name": "Reflection3/Reflection3/build/outputs/apk/debug/Reflection3.apk", "sources": ["Reflection3/Reflection3"], "build_script": "Reflection3/build.sh"}, {"name": "FlowSensitivity1/FlowSensitivity1/build/outputs/apk/debug/FlowSensitivity1.apk", "sources": ["FlowSensitivity1/FlowSensitivity1"], "build_script": "FlowSensitivity1/build.sh"}, {"name": "Reflection8/Reflection8/build/outputs/apk/debug/Reflection8.apk", "sources": ["Reflection8/Reflection8"], "build_script": "Reflection8/build.sh"}, {"name": "MultiHandlers1/MultiHandlers1/build/outputs/apk/debug/MultiHandlers1.apk", "sources": ["MultiHandlers1/MultiHandlers1"], "build_script": "MultiHandlers1/build.sh"}, {"name": "ImplicitFlow6/ImplicitFlow6/build/outputs/apk/debug/ImplicitFlow6.apk", "sources": ["ImplicitFlow6/ImplicitFlow6"], "build_script": "ImplicitFlow6/build.sh"}, {"name": "BroadcastReceiverLifecycle2/BroadcastReceiverLifecycle2/build/outputs/apk/debug/BroadcastReceiverLifecycle2.apk", "sources": ["BroadcastReceiverLifecycle2/BroadcastReceiverLifecycle2"], "build_script": "BroadcastReceiverLifecycle2/build.sh"}, {"name": "ImplicitFlow5/ImplicitFlow5/build/outputs/apk/debug/ImplicitFlow5.apk", "sources": ["ImplicitFlow5/ImplicitFlow5"], "build_script": "ImplicitFlow5/build.sh"}, {"name": "Executor1/Executor1/build/outputs/apk/debug/Executor1.apk", "sources": ["Executor1/Executor1"], "build_script": "Executor1/build.sh"}, {"name": "IntentSource1/IntentSource1/build/outputs/apk/debug/IntentSource1.apk", "sources": ["IntentSource1/IntentSource1"], "build_script": "IntentSource1/build.sh"}, {"name": "EventOrdering1/EventOrdering1/build/outputs/apk/debug/EventOrdering1.apk", "sources": ["EventOrdering1/EventOrdering1"], "build_script": "EventOrdering1/build.sh"}, {"name": "OnlyTelephony/OnlyTelephony/build/outputs/apk/debug/OnlyTelephony.apk", "sources": ["OnlyTelephony/OnlyTelephony"], "build_script": "OnlyTelephony/build.sh"}, {"name": "FieldSensitivity1/FieldSensitivity1/build/outputs/apk/debug/FieldSensitivity1.apk", "sources": ["FieldSensitivity1/FieldSensitivity1"], "build_script": "FieldSensitivity1/build.sh"}, {"name": "ContentProvider1/ContentProvider1/build/outputs/apk/debug/ContentProvider1.apk", "sources": ["ContentProvider1/ContentProvider1"], "build_script": "ContentProvider1/build.sh"}, {"name": "ListAccess1/ListAccess1/build/outputs/apk/debug/ListAccess1.apk", "sources": ["ListAccess1/ListAccess1"], "build_script": "ListAccess1/build.sh"}, {"name": "ActivityCommunication7/ActivityCommunication7/build/outputs/apk/debug/ActivityCommunication7.apk", "sources": ["ActivityCommunication7/ActivityCommunication7"], "build_script": "ActivityCommunication7/build.sh"}, {"name": "StringToOutputStream1/StringToOutputStream1/build/outputs/apk/debug/StringToOutputStream1.apk", "sources": ["StringToOutputStream1/StringToOutputStream1"], "build_script": "StringToOutputStream1/build.sh"}, {"name": "StringFormatter1/StringFormatter1/build/outputs/apk/debug/StringFormatter1.apk", "sources": ["StringFormatter1/StringFormatter1"], "build_script": "StringFormatter1/build.sh"}, {"name": "AnonymousClass1/AnonymousClass1/build/outputs/apk/debug/AnonymousClass1.apk", "sources": ["AnonymousClass1/AnonymousClass1"], "build_script": "AnonymousClass1/build.sh"}, {"name": "SimpleUnreachable1/SimpleUnreachable1/build/outputs/apk/debug/SimpleUnreachable1.apk", "sources": ["SimpleUnreachable1/SimpleUnreachable1"], "build_script": "SimpleUnreachable1/build.sh"}, {"name": "ServiceCommunication1/ServiceCommunication1/build/outputs/apk/debug/ServiceCommunication1.apk", "sources": ["ServiceCommunication1/ServiceCommunication1"], "build_script": "ServiceCommunication1/build.sh"}, {"name": "RegisterGlobal1/RegisterGlobal1/build/outputs/apk/debug/RegisterGlobal1.apk", "sources": ["RegisterGlobal1/RegisterGlobal1"], "build_script": "RegisterGlobal1/build.sh"}, {"name": "VirtualDispatch1/VirtualDispatch1/build/outputs/apk/debug/VirtualDispatch1.apk", "sources": ["VirtualDispatch1/VirtualDispatch1"], "build_script": "VirtualDispatch1/build.sh"}, {"name": "ActivityCommunication5/ActivityCommunication5/build/outputs/apk/debug/ActivityCommunication5.apk", "sources": ["ActivityCommunication5/ActivityCommunication5"], "build_script": "ActivityCommunication5/build.sh"}, {"name": "ActivityCommunication1/ActivityCommunication1/build/outputs/apk/debug/ActivityCommunication1.apk", "sources": ["ActivityCommunication1/ActivityCommunication1"], "build_script": "ActivityCommunication1/build.sh"}, {"name": "OnlyIntent/OnlyIntent/build/outputs/apk/debug/OnlyIntent.apk", "sources": ["OnlyIntent/OnlyIntent"], "build_script": "OnlyIntent/build.sh"}, {"name": "DirectLeak1/DirectLeak1/build/outputs/apk/debug/DirectLeak1.apk", "sources": ["DirectLeak1/DirectLeak1"], "build_script": "DirectLeak1/build.sh"}, {"name": "VirtualDispatch3/VirtualDispatch3/build/outputs/apk/debug/VirtualDispatch3.apk", "sources": ["VirtualDispatch3/VirtualDispatch3"], "build_script": "VirtualDispatch3/build.sh"}, {"name": "JavaIDFunction/JavaIDFunction/build/outputs/apk/debug/JavaIDFunction.apk", "sources": ["JavaIDFunction/JavaIDFunction"], "build_script": "JavaIDFunction/build.sh"}, {"name": "ActivityCommunication8/ActivityCommunication8/build/outputs/apk/debug/ActivityCommunication8.apk", "sources": ["ActivityCommunication8/ActivityCommunication8"], "build_script": "ActivityCommunication8/build.sh"}, {"name": "Unregister1/Unregister1/build/outputs/apk/debug/Unregister1.apk", "sources": ["Unregister1/Unregister1"], "build_script": "Unregister1/build.sh"}, {"name": "AllReflection/AllReflection/build/outputs/apk/debug/AllReflection.apk", "sources": ["AllReflection/AllReflection"], "build_script": "AllReflection/build.sh"}, {"name": "File1/File1/build/outputs/apk/debug/File1.apk", "sources": ["File1/File1"], "build_script": "File1/build.sh"}, {"name": "ImplicitFlow4/ImplicitFlow4/build/outputs/apk/debug/ImplicitFlow4.apk", "sources": ["ImplicitFlow4/ImplicitFlow4"], "build_script": "ImplicitFlow4/build.sh"}, {"name": "JavaThread1/JavaThread1/build/outputs/apk/debug/JavaThread1.apk", "sources": ["JavaThread1/JavaThread1"], "build_script": "JavaThread1/build.sh"}, {"name": "Button4/Button4/build/outputs/apk/debug/Button4.apk", "sources": ["Button4/Button4"], "build_script": "Button4/build.sh"}, {"name": "RegisterGlobal2/RegisterGlobal2/build/outputs/apk/debug/RegisterGlobal2.apk", "sources": ["RegisterGlobal2/RegisterGlobal2"], "build_script": "RegisterGlobal2/build.sh"}, {"name": "Reflection7/Reflection7/build/outputs/apk/debug/Reflection7.apk", "sources": ["Reflection7/Reflection7"], "build_script": "Reflection7/build.sh"}, {"name": "StaticInitialization1/StaticInitialization1/build/outputs/apk/debug/StaticInitialization1.apk", "sources": ["StaticInitialization1/StaticInitialization1"], "build_script": "StaticInitialization1/build.sh"}, {"name": "PrivateDataLeak2/PrivateDataLeak2/build/outputs/apk/debug/PrivateDataLeak2.apk", "sources": ["PrivateDataLeak2/PrivateDataLeak2"], "build_script": "PrivateDataLeak2/build.sh"}, {"name": "SubscriberId1/SubscriberId1/build/outputs/apk/debug/SubscriberId1.apk", "sources": ["SubscriberId1/SubscriberId1"], "build_script": "SubscriberId1/build.sh"}, {"name": "IP1/IP1/build/outputs/apk/debug/IP1.apk", "sources": ["IP1/IP1"], "build_script": "IP1/build.sh"}, {"name": "IMEI1/IMEI1/build/outputs/apk/debug/IMEI1.apk", "sources": ["IMEI1/IMEI1"], "build_script": "IMEI1/build.sh"}, {"name": "ActivityEventSequence2/ActivityEventSequence2/build/outputs/apk/debug/ActivityEventSequence2.apk", "sources": ["ActivityEventSequence2/ActivityEventSequence2"], "build_script": "ActivityEventSequence2/build.sh"}, {"name": "Exceptions7/Exceptions7/build/outputs/apk/debug/Exceptions7.apk", "sources": ["Exceptions7/Exceptions7"], "build_script": "Exceptions7/build.sh"}, {"name": "ImplicitFlow2/ImplicitFlow2/build/outputs/apk/debug/ImplicitFlow2.apk", "sources": ["ImplicitFlow2/ImplicitFlow2"], "build_script": "ImplicitFlow2/build.sh"}, {"name": "MethodOverride1/MethodOverride1/build/outputs/apk/debug/MethodOverride1.apk", "sources": ["MethodOverride1/MethodOverride1"], "build_script": "MethodOverride1/build.sh"}, {"name": "Loop1/Loop1/build/outputs/apk/debug/Loop1.apk", "sources": ["Loop1/Loop1"], "build_script": "Loop1/build.sh"}, {"name": "DynamicLoadingTarget1/DynamicLoadingTarget1/build/outputs/apk/debug/DynamicLoadingTarget1.apk", "sources": ["DynamicLoadingTarget1/DynamicLoadingTarget1"], "build_script": "DynamicLoadingTarget1/build.sh"}, {"name": "BroadcastReceiverLifecycle3/BroadcastReceiverLifecycle3/build/outputs/apk/debug/BroadcastReceiverLifecycle3.apk", "sources": ["BroadcastReceiverLifecycle3/BroadcastReceiverLifecycle3"], "build_script": "BroadcastReceiverLifecycle3/build.sh"}, {"name": "ActivitySavedState1/ActivitySavedState1/build/outputs/apk/debug/ActivitySavedState1.apk", "sources": ["ActivitySavedState1/ActivitySavedState1"], "build_script": "ActivitySavedState1/build.sh"}, {"name": "RFICSharedPreferences1/RFICSharedPreferences1/build/outputs/apk/debug/RFICSharedPreferences1.apk", "sources": ["RFICSharedPreferences1/RFICSharedPreferences1"], "build_script": "RFICSharedPreferences1/build.sh"}, {"name": "StaticInitialization3/StaticInitialization3/build/outputs/apk/debug/StaticInitialization3.apk", "sources": ["StaticInitialization3/StaticInitialization3"], "build_script": "StaticInitialization3/build.sh"}, {"name": "OnlyTelephony_Substring/OnlyTelephony_Substring/build/outputs/apk/debug/OnlyTelephony_Substring.apk", "sources": ["OnlyTelephony_Substring/OnlyTelephony_Substring"], "build_script": "OnlyTelephony_Substring/build.sh"}, {"name": "SharedPreferences1/SharedPreferences1/build/outputs/apk/debug/SharedPreferences1.apk", "sources": ["SharedPreferences1/SharedPreferences1"], "build_script": "SharedPreferences1/build.sh"}, {"name": "BytecodeTamper3/BytecodeTamper3/build/outputs/apk/debug/BytecodeTamper3.apk", "sources": ["BytecodeTamper3/BytecodeTamper3"], "build_script": "BytecodeTamper3/build.sh"}, {"name": "IntentSink2/IntentSink2/build/outputs/apk/debug/IntentSink2.apk", "sources": ["IntentSink2/IntentSink2"], "build_script": "IntentSink2/build.sh"}, {"name": "UnreachableSink1/UnreachableSink1/build/outputs/apk/debug/UnreachableSink1.apk", "sources": ["UnreachableSink1/UnreachableSink1"], "build_script": "UnreachableSink1/build.sh"}, {"name": "Button2/Button2/build/outputs/apk/debug/Button2.apk", "sources": ["Button2/Button2"], "build_script": "Button2/build.sh"}, {"name": "ObjectSensitivity1/ObjectSensitivity1/build/outputs/apk/debug/ObjectSensitivity1.apk", "sources": ["ObjectSensitivity1/ObjectSensitivity1"], "build_script": "ObjectSensitivity1/build.sh"}, {"name": "OnlySMS/OnlySMS/build/outputs/apk/debug/OnlySMS.apk", "sources": ["OnlySMS/OnlySMS"], "build_script": "OnlySMS/build.sh"}, {"name": "VoiceMail1/VoiceMail1/build/outputs/apk/debug/VoiceMail1.apk", "sources": ["VoiceMail1/VoiceMail1"], "build_script": "VoiceMail1/build.sh"}, {"name": "ApplicationLifecycle1/ApplicationLifecycle1/build/outputs/apk/debug/ApplicationLifecycle1.apk", "sources": ["ApplicationLifecycle1/ApplicationLifecycle1"], "build_script": "ApplicationLifecycle1/build.sh"}, {"name": "Exceptions2/Exceptions2/build/outputs/apk/debug/Exceptions2.apk", "sources": ["Exceptions2/Exceptions2"], "build_script": "Exceptions2/build.sh"}, {"name": "Sensors1/Sensors1/build/outputs/apk/debug/Sensors1.apk", "sources": ["Sensors1/Sensors1"], "build_script": "Sensors1/build.sh"}, {"name": "Reflection4/Reflection4/build/outputs/apk/debug/Reflection4.apk", "sources": ["Reflection4/Reflection4"], "build_script": "Reflection4/build.sh"}, {"name": "PI1/PI1/build/outputs/apk/debug/PI1.apk", "sources": ["PI1/PI1"], "build_script": "PI1/build.sh"}, {"name": "ApplicationLifecycle3/ApplicationLifecycle3/build/outputs/apk/debug/ApplicationLifecycle3.apk", "sources": ["ApplicationLifecycle3/ApplicationLifecycle3"], "build_script": "ApplicationLifecycle3/build.sh"}, {"name": "ActivityEventSequence3/ActivityEventSequence3/build/outputs/apk/debug/ActivityEventSequence3.apk", "sources": ["ActivityEventSequence3/ActivityEventSequence3"], "build_script": "ActivityEventSequence3/build.sh"}, {"name": "Singletons1/Singletons1/build/outputs/apk/debug/Singletons1.apk", "sources": ["Singletons1/Singletons1"], "build_script": "Singletons1/build.sh"}, {"name": "DeviceId1/DeviceId1/build/outputs/apk/debug/DeviceId1.apk", "sources": ["DeviceId1/DeviceId1"], "build_script": "DeviceId1/build.sh"}, {"name": "UnreachableSource1/UnreachableSource1/build/outputs/apk/debug/UnreachableSource1.apk", "sources": ["UnreachableSource1/UnreachableSource1"], "build_script": "UnreachableSource1/build.sh"}, {"name": "ServiceEventSequence3/ServiceEventSequence3/build/outputs/apk/debug/ServiceEventSequence3.apk", "sources": ["ServiceEventSequence3/ServiceEventSequence3"], "build_script": "ServiceEventSequence3/build.sh"}, {"name": "FieldSensitivity3/FieldSensitivity3/build/outputs/apk/debug/FieldSensitivity3.apk", "sources": ["FieldSensitivity3/FieldSensitivity3"], "build_script": "FieldSensitivity3/build.sh"}, {"name": "ImplicitFlow1/ImplicitFlow1/build/outputs/apk/debug/ImplicitFlow1.apk", "sources": ["ImplicitFlow1/ImplicitFlow1"], "build_script": "ImplicitFlow1/build.sh"}, {"name": "StartActivityForResult1/StartActivityForResult1/build/outputs/apk/debug/StartActivityForResult1.apk", "sources": ["StartActivityForResult1/StartActivityForResult1"], "build_script": "StartActivityForResult1/build.sh"}, {"name": "StrongUpdate1/StrongUpdate1/build/outputs/apk/debug/StrongUpdate1.apk", "sources": ["StrongUpdate1/StrongUpdate1"], "build_script": "StrongUpdate1/build.sh"}, {"name": "ActivityLifecycle4/ActivityLifecycle4/build/outputs/apk/debug/ActivityLifecycle4.apk", "sources": ["ActivityLifecycle4/ActivityLifecycle4"], "build_script": "ActivityLifecycle4/build.sh"}, {"name": "ArrayCopy1/ArrayCopy1/build/outputs/apk/debug/ArrayCopy1.apk", "sources": ["ArrayCopy1/ArrayCopy1"], "build_script": "ArrayCopy1/build.sh"}, {"name": "Obfuscation1/Obfuscation1/build/outputs/apk/debug/Obfuscation1.apk", "sources": ["Obfuscation1/Obfuscation1"], "build_script": "Obfuscation1/build.sh"}, {"name": "Serialization1/Serialization1/build/outputs/apk/debug/Serialization1.apk", "sources": ["Serialization1/Serialization1"], "build_script": "Serialization1/build.sh"}, {"name": "Parcel1/Parcel1/build/outputs/apk/debug/Parcel1.apk", "sources": ["Parcel1/Parcel1"], "build_script": "Parcel1/build.sh"}, {"name": "VirtualDispatch4/VirtualDispatch4/build/outputs/apk/debug/VirtualDispatch4.apk", "sources": ["VirtualDispatch4/VirtualDispatch4"], "build_script": "VirtualDispatch4/build.sh"}, {"name": "Reflection2/Reflection2/build/outputs/apk/debug/Reflection2.apk", "sources": ["Reflection2/Reflection2"], "build_script": "Reflection2/build.sh"}, {"name": "ActivityLifecycle1/ActivityLifecycle1/build/outputs/apk/debug/ActivityLifecycle1.apk", "sources": ["ActivityLifecycle1/ActivityLifecycle1"], "build_script": "ActivityLifecycle1/build.sh"}, {"name": "ApplicationLifecycle2/ApplicationLifecycle2/build/outputs/apk/debug/ApplicationLifecycle2.apk", "sources": ["ApplicationLifecycle2/ApplicationLifecycle2"], "build_script": "ApplicationLifecycle2/build.sh"}, {"name": "View1/View1/build/outputs/apk/debug/View1.apk", "sources": ["View1/View1"], "build_script": "View1/build.sh"}, {"name": "Battery1/Battery1/build/outputs/apk/debug/Battery1.apk", "sources": ["Battery1/Battery1"], "build_script": "Battery1/build.sh"}, {"name": "ActivityEventSequence1/ActivityEventSequence1/build/outputs/apk/debug/ActivityEventSequence1.apk", "sources": ["ActivityEventSequence1/ActivityEventSequence1"], "build_script": "ActivityEventSequence1/build.sh"}, {"name": "FactoryMethods1/FactoryMethods1/build/outputs/apk/debug/FactoryMethods1.apk", "sources": ["FactoryMethods1/FactoryMethods1"], "build_script": "FactoryMethods1/build.sh"}, {"name": "ArrayAccess4/ArrayAccess4/build/outputs/apk/debug/ArrayAccess4.apk", "sources": ["ArrayAccess4/ArrayAccess4"], "build_script": "ArrayAccess4/build.sh"}, {"name": "StartProcessWithSecret1/StartProcessWithSecret1/build/outputs/apk/debug/StartProcessWithSecret1.apk", "sources": ["StartProcessWithSecret1/StartProcessWithSecret1"], "build_script": "StartProcessWithSecret1/build.sh"}, {"name": "ComponentNotInManifest1/ComponentNotInManifest1/build/outputs/apk/debug/ComponentNotInManifest1.apk", "sources": ["ComponentNotInManifest1/ComponentNotInManifest1"], "build_script": "ComponentNotInManifest1/build.sh"}, {"name": "IntentSink1/IntentSink1/build/outputs/apk/debug/IntentSink1.apk", "sources": ["IntentSink1/IntentSink1"], "build_script": "IntentSink1/build.sh"}, {"name": "Button1/Button1/build/outputs/apk/debug/Button1.apk", "sources": ["Button1/Button1"], "build_script": "Button1/build.sh"}, {"name": "Echoer/Echoer/build/outputs/apk/debug/Echoer.apk", "sources": ["Echoer/Echoer"], "build_script": "Echoer/build.sh"}, {"name": "ObjectSensitivity2/ObjectSensitivity2/build/outputs/apk/debug/ObjectSensitivity2.apk", "sources": ["ObjectSensitivity2/ObjectSensitivity2"], "build_script": "ObjectSensitivity2/build.sh"}, {"name": "PublicAPIField1/PublicAPIField1/build/outputs/apk/debug/PublicAPIField1.apk", "sources": ["PublicAPIField1/PublicAPIField1"], "build_script": "PublicAPIField1/build.sh"}, {"name": "SimpleAliasing1/SimpleAliasing1/build/outputs/apk/debug/SimpleAliasing1.apk", "sources": ["SimpleAliasing1/SimpleAliasing1"], "build_script": "SimpleAliasing1/build.sh"}, {"name": "BytecodeTamper2/BytecodeTamper2/build/outputs/apk/debug/BytecodeTamper2.apk", "sources": ["BytecodeTamper2/BytecodeTamper2"], "build_script": "BytecodeTamper2/build.sh"}, {"name": "Button3/Button3/build/outputs/apk/debug/Button3.apk", "sources": ["Button3/Button3"], "build_script": "Button3/build.sh"}, {"name": "StaticInitialization2/StaticInitialization2/build/outputs/apk/debug/StaticInitialization2.apk", "sources": ["StaticInitialization2/StaticInitialization2"], "build_script": "StaticInitialization2/build.sh"}, {"name": "RFICActivityCommunication2/RFICActivityCommunication2/build/outputs/apk/debug/RFICActivityCommunication2.apk", "sources": ["RFICActivityCommunication2/RFICActivityCommunication2"], "build_script": "RFICActivityCommunication2/build.sh"}, {"name": "HashMapAccess1/HashMapAccess1/build/outputs/apk/debug/HashMapAccess1.apk", "sources": ["HashMapAccess1/HashMapAccess1"], "build_script": "HashMapAccess1/build.sh"}, {"name": "SendSMS/SendSMS/build/outputs/apk/debug/SendSMS.apk", "sources": ["SendSMS/SendSMS"], "build_script": "SendSMS/build.sh"}, {"name": "StringToCharArray1/StringToCharArray1/build/outputs/apk/debug/StringToCharArray1.apk", "sources": ["StringToCharArray1/StringToCharArray1"], "build_script": "StringToCharArray1/build.sh"}, {"name": "OnlyTelephony_Reverse/OnlyTelephony_Reverse/build/outputs/apk/debug/OnlyTelephony_Reverse.apk", "sources": ["OnlyTelephony_Reverse/OnlyTelephony_Reverse"], "build_script": "OnlyTelephony_Reverse/build.sh"}, {"name": "MultidimensionalArray1/MultidimensionalArray1/build/outputs/apk/debug/MultidimensionalArray1.apk", "sources": ["MultidimensionalArray1/MultidimensionalArray1"], "build_script": "MultidimensionalArray1/build.sh"}, {"name": "LogNoLeak/LogNoLeak/build/outputs/apk/debug/LogNoLeak.apk", "sources": ["LogNoLeak/LogNoLeak"], "build_script": "LogNoLeak/build.sh"}, {"name": "PrivateDataLeak3/PrivateDataLeak3/build/outputs/apk/debug/PrivateDataLeak3.apk", "sources": ["PrivateDataLeak3/PrivateDataLeak3"], "build_script": "PrivateDataLeak3/build.sh"}, {"name": "AsyncTask1/AsyncTask1/build/outputs/apk/debug/AsyncTask1.apk", "sources": ["AsyncTask1/AsyncTask1"], "build_script": "AsyncTask1/build.sh"}, {"name": "Ordering1/Ordering1/build/outputs/apk/debug/Ordering1.apk", "sources": ["Ordering1/Ordering1"], "build_script": "Ordering1/build.sh"}]}
