aplength,cgalgo,nothischainreduction,onesourceatatime,dataflowsolver,aliasflowins,singlejoinpointabstraction,onecomponentatatime,staticmode,nostatic,codeelimination,implicit,nocallbacks,callbackanalyzer,maxcallbackspercomponent,maxcallbacksdepth,enablereflection,pathalgo,noexceptions,taintwrapper
5,CHA,false,false,CONTEXTFLOWSENSITIVE,false,false,false,CONTEXTFLOWINSENSITIVE,false,REMOVECODE,ALL,false,FAST,10,10,false,CONTEXTSENSITIVE,false,EASY
10,CHA,true,true,FLOWINSENSITIVE,true,true,true,CONTEXTFLOWSENSITIVE,true,PROPAGATECONSTS,NONE,true,DEFAULT,25,25,true,CONTEXTINSENSITIVE,true,NONE
25,CHA,false,true,CONTEXTFLOWSENSITIVE,true,false,true,NONE,false,NONE,ARRAYONLY,true,FAST,5,5,true,SOURCESONLY,false,NONE
5,RTA,true,false,CONTEXTFLOWSENSITIVE,false,true,false,CONTEXTFLOWSENSITIVE,true,NONE,ALL,false,DEFAULT,25,5,false,CONTEXTSENSITIVE,true,EASY
10,RTA,false,false,FLOWINSENSITIVE,false,false,false,NONE,true,REMOVECODE,NONE,true,FAST,5,10,false,CONTEXTINSENSITIVE,true,NONE
25,RTA,true,false,CONTEXTFLOWSENSITIVE,false,true,true,CONTEXTFLOWINSENSITIVE,false,PROPAGATECONSTS,ARRAYONLY,false,DEFAULT,10,25,true,SOURCESONLY,false,EASY
5,VTA,false,true,CONTEXTFLOWSENSITIVE,true,true,false,NONE,true,PROPAGATECONSTS,ALL,false,FAST,5,25,false,CONTEXTSENSITIVE,false,NONE
10,VTA,true,true,FLOWINSENSITIVE,true,false,true,CONTEXTFLOWINSENSITIVE,false,NONE,NONE,false,DEFAULT,10,5,true,CONTEXTINSENSITIVE,true,EASY
25,VTA,false,true,CONTEXTFLOWSENSITIVE,false,true,false,CONTEXTFLOWSENSITIVE,true,REMOVECODE,ARRAYONLY,true,DEFAULT,25,10,false,SOURCESONLY,true,EASY
5,GEOM,true,false,CONTEXTFLOWSENSITIVE,true,false,true,NONE,true,PROPAGATECONSTS,NONE,true,FAST,10,5,true,SOURCESONLY,false,NONE
10,GEOM,false,true,FLOWINSENSITIVE,false,true,true,CONTEXTFLOWINSENSITIVE,false,NONE,ARRAYONLY,true,DEFAULT,25,10,false,CONTEXTSENSITIVE,false,EASY
25,GEOM,true,false,CONTEXTFLOWSENSITIVE,true,false,true,CONTEXTFLOWSENSITIVE,false,REMOVECODE,ALL,false,FAST,5,25,true,CONTEXTINSENSITIVE,false,EASY
5,SPARK,true,false,FLOWINSENSITIVE,true,false,false,NONE,true,PROPAGATECONSTS,ARRAYONLY,true,DEFAULT,25,10,true,CONTEXTINSENSITIVE,true,EASY
10,SPARK,false,true,CONTEXTFLOWSENSITIVE,false,true,true,CONTEXTFLOWINSENSITIVE,false,NONE,ALL,false,FAST,5,25,false,CONTEXTSENSITIVE,false,NONE
25,SPARK,true,false,FLOWINSENSITIVE,false,true,false,CONTEXTFLOWSENSITIVE,true,REMOVECODE,NONE,false,FAST,10,5,true,CONTEXTSENSITIVE,true,NONE
10,SPARK,false,true,CONTEXTFLOWSENSITIVE,true,true,true,CONTEXTFLOWINSENSITIVE,true,PROPAGATECONSTS,NONE,true,DEFAULT,5,25,true,SOURCESONLY,true,EASY
5,RTA,false,true,CONTEXTFLOWSENSITIVE,true,false,true,CONTEXTFLOWINSENSITIVE,true,NONE,ALL,true,FAST,25,25,true,CONTEXTINSENSITIVE,false,EASY
25,VTA,false,false,CONTEXTFLOWSENSITIVE,true,false,true,CONTEXTFLOWINSENSITIVE,false,PROPAGATECONSTS,NONE,false,FAST,10,5,false,CONTEXTSENSITIVE,true,EASY
5,GEOM,true,true,CONTEXTFLOWSENSITIVE,false,true,false,CONTEXTFLOWINSENSITIVE,false,PROPAGATECONSTS,ALL,true,FAST,10,5,true,CONTEXTSENSITIVE,true,EASY
