optimize,phase_cg.spark_vta,phase_cg.spark_rta,phase_cg.spark_ignore-types,phase_cg.spark_field-based,phase_cg.spark_merge-stringbuffer,phase_cg.spark_string-constants,phase_cg.spark_simulate-natives,phase_cg.spark_empties-as-allocs,phase_cg.spark_simple-edges-bidirectional,phase_cg.spark_simplify-offline,phase_cg.spark_simplify-sccs,phase_cg.spark_ignore-types-for-sccs,phase_cg.spark_cs-demand,phase_cg.spark_lazy-pts,phase_cg_safe-forname,phase_cg_safe-newinstance,phase_cg_implicit-entry,phase_cg_trim-clinit,phase_cg.spark_types-for-sites,phase_cg.spark_set-impl,phase_cg.spark_double-set-old,phase_cg.spark_double-set-new,jasmin-backend,phase_cg.cha_enabled,phase_cg_types-for-invoke,phase_cg_resolve-all-abstract-invokes,phase_cg.spark_pre-jimplify,phase_cg.spark_propagator
false,false,false,false,false,false,false,false,false,false,false,false,false,false,false,false,false,false,false,false,hash,bit,bit,false,false,false,false,false,worklist
true,true,true,true,true,true,true,true,true,false,true,true,false,true,true,true,true,true,true,true,bit,hybrid,hybrid,true,true,true,true,true,cycle
true,false,false,false,true,false,false,true,true,true,true,false,true,false,false,false,true,false,true,true,hybrid,array,array,true,true,true,true,false,merge
true,true,false,true,false,false,true,true,false,false,true,false,false,false,false,true,false,false,false,false,array,heintze,heintze,false,false,true,false,true,alias
false,false,false,false,true,false,true,true,false,true,false,false,false,true,true,true,true,true,true,false,heintze,sharedlist,sharedlist,true,false,true,false,true,iter
false,false,false,false,false,false,false,true,true,true,true,true,false,true,true,true,false,true,false,false,sharedlist,hash,hash,false,false,true,true,false,cycle
true,false,true,false,false,true,false,false,false,true,false,true,false,false,true,false,false,false,true,false,double,sharedlist,array,false,true,true,true,true,cycle
