{
	"_id": {
		"$oid": "64b02a60db66c7a5db961e6d"
	},
	"sha": "e3cd5cca8a24c0112b62f5c221a5de2501597141",
	"author": "Scott Rogowski",
	"message": "Initial commit",
	"date": {
		"$date": "2013-05-24T04:17:43Z"
	}
}
{
	"_id": {
		"$oid": "64b02a60db66c7a5db961e6e"
	},
	"sha": "f4ba960640b239efe6c67bafc19d80be0109290b",
	"author": "scottrogowski",
	"message": "first commit",
	"date": {
		"$date": "2013-05-24T06:30:24Z"
	}
}
{
	"_id": {
		"$oid": "64b02a60db66c7a5db961e6f"
	},
	"sha": "d02f277d1605619dbd8e547ff97d63b33fc0cc0f",
	"author": "scottrogowski",
	"message": "Object instance methods working in Python",
	"date": {
		"$date": "2013-05-28T06:08:37Z"
	}
}
{
	"_id": {
		"$oid": "64b02a60db66c7a5db961e70"
	},
	"sha": "759bc5fc337d104a22afd2482a0a813da2030be1",
	"author": "scottrogowski",
	"message": "Directory structure changes",
	"date": {
		"$date": "2013-05-28T06:12:27Z"
	}
}
{
	"_id": {
		"$oid": "64b02a60db66c7a5db961e71"
	},
	"sha": "e7986ed53a3197d3f82f2ca9691d695115cc765a",
	"author": "scottrogowski",
	"message": "Added script",
	"date": {
		"$date": "2013-05-28T06:13:25Z"
	}
}
{
	"_id": {
		"$oid": "64b02a60db66c7a5db961e72"
	},
	"sha": "11a26df182469b0823e9f770bf100e44410fc151",
	"author": "scottrogowski",
	"message": "Readme update",
	"date": {
		"$date": "2013-05-28T06:18:38Z"
	}
}
{
	"_id": {
		"$oid": "64b02a60db66c7a5db961e73"
	},
	"sha": "743c9cc359ba319994b669662563123ac03e39f3",
	"author": "scottrogowski",
	"message": "Python works beautifully on my source and some of the standard libraries",
	"date": {
		"$date": "2013-05-29T04:38:02Z"
	}
}
{
	"_id": {
		"$oid": "64b02a60db66c7a5db961e74"
	},
	"sha": "caba2af91cac7550e040b7943c551c7c7706f694",
	"author": "scottrogowski",
	"message": "Added files, removed .pyc",
	"date": {
		"$date": "2013-05-29T04:41:28Z"
	}
}
{
	"_id": {
		"$oid": "64b02a60db66c7a5db961e75"
	},
	"sha": "b8c5cb191e3c4a998a27eb0b0e9d9a713dd906d1",
	"author": "scottrogowski",
	"message": "Added files, removed .pyc",
	"date": {
		"$date": "2013-05-29T04:42:15Z"
	}
}
{
	"_id": {
		"$oid": "64b02a60db66c7a5db961e76"
	},
	"sha": "c3bb245fb522d231d71190566d55755f9adbbfb4",
	"author": "scottrogowski",
	"message": "better example image",
	"date": {
		"$date": "2013-05-29T04:44:32Z"
	}
}
{
	"_id": {
		"$oid": "64b02a60db66c7a5db961e77"
	},
	"sha": "35856c092b95aba1d1c1da7183903f0720529c48",
	"author": "scottrogowski",
	"message": "updated readme and examples. Added hidelegend flag",
	"date": {
		"$date": "2013-05-29T06:47:42Z"
	}
}
{
	"_id": {
		"$oid": "64b02a60db66c7a5db961e78"
	},
	"sha": "36d9cff5e30ae82ea556c363126371cf2903ee3f",
	"author": "scottrogowski",
	"message": "updated readme and examples",
	"date": {
		"$date": "2013-05-29T06:50:19Z"
	}
}
{
	"_id": {
		"$oid": "64b02a60db66c7a5db961e79"
	},
	"sha": "5848346756ce795ae9b239e573154d0faa4efc07",
	"author": "scottrogowski",
	"message": "updated readme",
	"date": {
		"$date": "2013-05-29T06:53:18Z"
	}
}
{
	"_id": {
		"$oid": "64b02a60db66c7a5db961e7a"
	},
	"sha": "d80d267d90d2ea84db93392a5dca0c538a3157cb",
	"author": "scottrogowski",
	"message": "updated readme",
	"date": {
		"$date": "2013-05-29T06:54:06Z"
	}
}
{
	"_id": {
		"$oid": "64b02a60db66c7a5db961e7b"
	},
	"sha": "b60f450f3651edc181524b8fd173d568933e4a31",
	"author": "scottrogowski",
	"message": "updated readme",
	"date": {
		"$date": "2013-05-29T06:55:41Z"
	}
}
{
	"_id": {
		"$oid": "64b02a60db66c7a5db961e7c"
	},
	"sha": "9032c8e93a0b64a67fed25d26c5602dab2cfd7c0",
	"author": "scottrogowski",
	"message": "javascript working nicely again",
	"date": {
		"$date": "2013-05-31T18:12:06Z"
	}
}
{
	"_id": {
		"$oid": "64b02a60db66c7a5db961e7d"
	},
	"sha": "67fba77f43b7af60d420d6dc9899047a44d6a566",
	"author": "scottrogowski",
	"message": "javascript working mostly as intended! A few more details needed",
	"date": {
		"$date": "2013-06-01T01:53:11Z"
	}
}
{
	"_id": {
		"$oid": "64b02a60db66c7a5db961e7e"
	},
	"sha": "49300ca3c6af8dc13d4b37c255329547c22deb9d",
	"author": "scottrogowski",
	"message": "Monday push",
	"date": {
		"$date": "2013-06-03T16:36:13Z"
	}
}
{
	"_id": {
		"$oid": "64b02a60db66c7a5db961e7f"
	},
	"sha": "361e6d25c9cffc51b02f6290c6e20bec9ec2f107",
	"author": "scottrogowski",
	"message": "Fixed rank error",
	"date": {
		"$date": "2013-06-03T20:28:21Z"
	}
}
{
	"_id": {
		"$oid": "64b02a60db66c7a5db961e80"
	},
	"sha": "16d4e06533f190b5ba2b5edf797ce8587c1d29ec",
	"author": "scottrogowski",
	"message": "Fixed python bug",
	"date": {
		"$date": "2013-06-03T20:35:33Z"
	}
}
{
	"_id": {
		"$oid": "64b02a60db66c7a5db961e81"
	},
	"sha": "66857b4fb38e09d60dc8b45f7c9a607979db3904",
	"author": "scottrogowski",
	"message": "Better comments and error handling, trouble with js line numbers",
	"date": {
		"$date": "2013-06-03T22:14:22Z"
	}
}
{
	"_id": {
		"$oid": "64b02a60db66c7a5db961e82"
	},
	"sha": "235043fba345564538fc24e05974b19f996c0664",
	"author": "scottrogowski",
	"message": "about to refactor javascript.py",
	"date": {
		"$date": "2013-06-04T01:27:53Z"
	}
}
{
	"_id": {
		"$oid": "64b02a60db66c7a5db961e83"
	},
	"sha": "c4d1b927811556438c9b9122445cbdb38294d1dc",
	"author": "scottrogowski",
	"message": "Monday night push",
	"date": {
		"$date": "2013-06-04T07:56:31Z"
	}
}
{
	"_id": {
		"$oid": "64b02a60db66c7a5db961e84"
	},
	"sha": "c20cf03b597bac2d58e804b3c085915b4bc31bba",
	"author": "scottrogowski",
	"message": "removed pdb",
	"date": {
		"$date": "2013-06-04T07:57:37Z"
	}
}
{
	"_id": {
		"$oid": "64b02a60db66c7a5db961e85"
	},
	"sha": "849ec3f25d9837304bda9cc3e8e54b8e16e8d624",
	"author": "scottrogowski",
	"message": "updated readme",
	"date": {
		"$date": "2013-06-04T08:06:36Z"
	}
}
{
	"_id": {
		"$oid": "64b02a60db66c7a5db961e86"
	},
	"sha": "5364677ba61420105ba4007dbbccdaaaf6929244",
	"author": "scottrogowski",
	"message": "python import same directory is working",
	"date": {
		"$date": "2013-06-04T16:11:53Z"
	}
}
{
	"_id": {
		"$oid": "64b02a60db66c7a5db961e87"
	},
	"sha": "bd37695deb55fd83e47b42e77ac31921477994af",
	"author": "scottrogowski",
	"message": "updated readme",
	"date": {
		"$date": "2013-06-04T16:17:20Z"
	}
}
{
	"_id": {
		"$oid": "64b02a60db66c7a5db961e88"
	},
	"sha": "38fd559c01de37e83883401d37b2b7b6295d857b",
	"author": "scottrogowski",
	"message": "implemented node trimming in python",
	"date": {
		"$date": "2013-06-04T22:48:11Z"
	}
}
{
	"_id": {
		"$oid": "64b02a60db66c7a5db961e89"
	},
	"sha": "c0fb0d7ec37605de6aea87e6b8ed9a188d89ea91",
	"author": "scottrogowski",
	"message": "added link to readme",
	"date": {
		"$date": "2013-06-06T15:37:29Z"
	}
}
{
	"_id": {
		"$oid": "64b02a60db66c7a5db961e8a"
	},
	"sha": "d78478ec75c3064e7a9207f82e53c864c004dd2e",
	"author": "scottrogowski",
	"message": "updated readme",
	"date": {
		"$date": "2013-06-06T19:39:17Z"
	}
}
{
	"_id": {
		"$oid": "64b02a60db66c7a5db961e8b"
	},
	"sha": "06b292c1793cb591b257aa812bddbee5499eba85",
	"author": "scottrogowski",
	"message": "updated readme",
	"date": {
		"$date": "2013-06-06T21:58:50Z"
	}
}
{
	"_id": {
		"$oid": "64b02a60db66c7a5db961e8c"
	},
	"sha": "340ffa350ee7a0e0727a60cc4bdfd1c12191bbd2",
	"author": "scottrogowski",
	"message": "Updated readme",
	"date": {
		"$date": "2013-06-07T06:39:18Z"
	}
}
{
	"_id": {
		"$oid": "64b02a60db66c7a5db961e8d"
	},
	"sha": "265296593099a10a77b7e26cf1c149893e1cd4a1",
	"author": "Philipp Toelke",
	"message": "Fix detection of graphviz-installation for windows",
	"date": {
		"$date": "2013-06-07T13:43:01Z"
	}
}
{
	"_id": {
		"$oid": "64b02a60db66c7a5db961e8e"
	},
	"sha": "a99f367d38dea86e06e4214a0ecb4761ca747418",
	"author": "Scott Rogowski",
	"message": "Merge pull request #1 from toelke/master\n\nFix detection of graphviz-installation for windows",
	"date": {
		"$date": "2013-06-07T14:30:09Z"
	}
}
{
	"_id": {
		"$oid": "64b02a60db66c7a5db961e8f"
	},
	"sha": "afdd92a88ce285622849e3e3811f53fe4edd31c4",
	"author": "scottrogowski",
	"message": "updated readme",
	"date": {
		"$date": "2013-06-07T16:04:36Z"
	}
}
{
	"_id": {
		"$oid": "64b02a60db66c7a5db961e90"
	},
	"sha": "e9d63b12940852960ca5062ee6921a0f122a39ea",
	"author": "scottrogowski",
	"message": "Merge branch 'master' of github.com:scottrogowski/code2flow",
	"date": {
		"$date": "2013-06-07T16:05:24Z"
	}
}
{
	"_id": {
		"$oid": "64b02a60db66c7a5db961e91"
	},
	"sha": "673ccd7ffa2bcb4d7cdad6b130fa0d69352e93e4",
	"author": "scottrogowski",
	"message": "updated readme",
	"date": {
		"$date": "2013-06-07T16:15:22Z"
	}
}
{
	"_id": {
		"$oid": "64b02a60db66c7a5db961e92"
	},
	"sha": "b5eea4f1bbb0daa3ff8a5b45742224a356de0bac",
	"author": "scottrogowski",
	"message": "cleaned up codebase. Remove comments now uses mutable string to run much faster. Lighter red for the tree nodes",
	"date": {
		"$date": "2013-06-09T04:07:53Z"
	}
}
{
	"_id": {
		"$oid": "64b02a60db66c7a5db961e93"
	},
	"sha": "df7126699e0cdc29cf1b136c0693160665b72819",
	"author": "scottrogowski",
	"message": "Added change log and updated to version .2",
	"date": {
		"$date": "2013-06-09T04:10:59Z"
	}
}
{
	"_id": {
		"$oid": "64b02a60db66c7a5db961e94"
	},
	"sha": "f674a9df9154fe381aeabdedb3b0de4aed283bb2",
	"author": "scottrogowski",
	"message": "fixed problem with mixed python indents",
	"date": {
		"$date": "2013-06-09T16:38:12Z"
	}
}
{
	"_id": {
		"$oid": "64b02a60db66c7a5db961e95"
	},
	"sha": "ab03df180686025772ce05ccd24cf99827c8443b",
	"author": "scottrogowski",
	"message": "cleaned up python import code",
	"date": {
		"$date": "2013-06-21T19:12:53Z"
	}
}
{
	"_id": {
		"$oid": "64b02a60db66c7a5db961e96"
	},
	"sha": "85678f83b14abd629a0fda0c44b70ebdea2d5093",
	"author": "Bittick, Kennon",
	"message": "Added = as a character to remove when generating the dot cluster name",
	"date": {
		"$date": "2014-01-24T15:57:32Z"
	}
}
{
	"_id": {
		"$oid": "64b02a60db66c7a5db961e97"
	},
	"sha": "caa0411a620bce5cd23533dbf04cc2f6cbedc3cd",
	"author": "Scott Rogowski",
	"message": "Merge pull request #4 from Waffleboy/master\n\nAdded = as a character to remove when generating the dot cluster name",
	"date": {
		"$date": "2014-02-24T01:59:43Z"
	}
}
{
	"_id": {
		"$oid": "64b02a60db66c7a5db961e98"
	},
	"sha": "734937f8dc3e1291989ddcf16f1539e66f740cef",
	"author": "Peter W",
	"message": "fix typo in readme",
	"date": {
		"$date": "2014-10-29T00:14:58Z"
	}
}
{
	"_id": {
		"$oid": "64b02a60db66c7a5db961e99"
	},
	"sha": "26554ccc33646d829f2f58cfee8eeba9a2c419d4",
	"author": "Scott Rogowski",
	"message": "Merge pull request #6 from techieshark/patch-1\n\nfix typo in readme",
	"date": {
		"$date": "2014-10-30T19:45:58Z"
	}
}
{
	"_id": {
		"$oid": "64b02a60db66c7a5db961e9a"
	},
	"sha": "baf683a0043f0df7ef0aba8963d1154b9e61e909",
	"author": "Scott Rogowski",
	"message": "update readme",
	"date": {
		"$date": "2017-06-05T06:43:40Z"
	}
}
{
	"_id": {
		"$oid": "64b02a60db66c7a5db961e9b"
	},
	"sha": "258952d7123f946d320a83de3af75e7b96ea1a45",
	"author": "Scott Rogowski",
	"message": "more readme updates",
	"date": {
		"$date": "2017-06-05T06:47:35Z"
	}
}
{
	"_id": {
		"$oid": "64b02a60db66c7a5db961e9c"
	},
	"sha": "21fd1b0a326d6de8efbb314837dc6173a4a7da8f",
	"author": "scottrogowski",
	"message": "update README",
	"date": {
		"$date": "2021-04-12T16:22:59Z"
	}
}
{
	"_id": {
		"$oid": "64b02a60db66c7a5db961e9d"
	},
	"sha": "24b2cb854c6a872ba6e17409fbddb6659bf64d4c",
	"author": "scottrogowski",
	"message": "update README",
	"date": {
		"$date": "2021-04-12T16:25:02Z"
	}
}
{
	"_id": {
		"$oid": "64b02a60db66c7a5db961e9e"
	},
	"sha": "acf332a06a19faa81c4fde7d7fada3a83c07a82c",
	"author": "scottrogowski",
	"message": "Start of major cleanup. Linter is much less noisy. Running for at least the first testfile",
	"date": {
		"$date": "2021-04-12T22:19:30Z"
	}
}
{
	"_id": {
		"$oid": "64b02a60db66c7a5db961e9f"
	},
	"sha": "1dc7b03ed5c51b41e7f5370ea0a20a66b790a388",
	"author": "scottrogowski",
	"message": "offloaded everything except node and group",
	"date": {
		"$date": "2021-04-12T22:45:49Z"
	}
}
{
	"_id": {
		"$oid": "64b02a60db66c7a5db961ea0"
	},
	"sha": "b4a55f169f95ff8ca861d3c4375d625ffacdad46",
	"author": "scottrogowski",
	"message": "checkpoint",
	"date": {
		"$date": "2021-04-15T22:24:33Z"
	}
}
{
	"_id": {
		"$oid": "64b02a60db66c7a5db961ea1"
	},
	"sha": "af207cc56207ed6d52aced1c5e7468c0d4b830a3",
	"author": "scottrogowski",
	"message": "Rough draft of Python rewrite. Working with limitations",
	"date": {
		"$date": "2021-04-16T19:52:18Z"
	}
}
{
	"_id": {
		"$oid": "64b02a60db66c7a5db961ea2"
	},
	"sha": "a8147dae9f27598c85b8caf116302e1ecea1947d",
	"author": "scottrogowski",
	"message": "more README updates",
	"date": {
		"$date": "2021-04-16T20:09:21Z"
	}
}
{
	"_id": {
		"$oid": "64b02a60db66c7a5db961ea3"
	},
	"sha": "4fe12b830c54ba5cd7cea8693acb2bfad699a688",
	"author": "scottrogowski",
	"message": "cleanup while awaiting feedback",
	"date": {
		"$date": "2021-04-19T16:38:34Z"
	}
}
{
	"_id": {
		"$oid": "64b02a60db66c7a5db961ea4"
	},
	"sha": "37243fad6913e9f40442a362b304b8d354e67340",
	"author": "scottrogowski",
	"message": "progress",
	"date": {
		"$date": "2021-04-22T02:35:46Z"
	}
}
{
	"_id": {
		"$oid": "64b02a60db66c7a5db961ea5"
	},
	"sha": "65bb0cc34f2f2cb5ef7ec6c2b12b7d3c92d32040",
	"author": "Scott Rogowski",
	"message": "Create FUNDING.yml",
	"date": {
		"$date": "2021-04-22T02:39:21Z"
	}
}
{
	"_id": {
		"$oid": "64b02a60db66c7a5db961ea6"
	},
	"sha": "2dd8fe17efa068fa9846e4c8c2626507ee0497fc",
	"author": "scottrogowski",
	"message": "lots of refactoring. Basic tests",
	"date": {
		"$date": "2021-04-23T22:18:37Z"
	}
}
{
	"_id": {
		"$oid": "64b02a60db66c7a5db961ea7"
	},
	"sha": "ba6b1a19098b38c9895aa6f5f87bbe8075a8772a",
	"author": "scottrogowski",
	"message": "modify gitignore. Add changelog. Move funding",
	"date": {
		"$date": "2021-04-23T22:53:54Z"
	}
}
{
	"_id": {
		"$oid": "64b02a60db66c7a5db961ea8"
	},
	"sha": "ffafe5e5434eafa5da7220ed83dbec8e6fff005b",
	"author": "scottrogowski",
	"message": "lots of tests. 89% coverage",
	"date": {
		"$date": "2021-04-24T02:13:03Z"
	}
}
{
	"_id": {
		"$oid": "64b02a60db66c7a5db961ea9"
	},
	"sha": "f90996ff3215bd1953581d52c86ccf4441d9cc94",
	"author": "scottrogowski",
	"message": "add symlink for development",
	"date": {
		"$date": "2021-04-24T02:13:19Z"
	}
}
{
	"_id": {
		"$oid": "64b02a60db66c7a5db961eaa"
	},
	"sha": "959122e3cc6710c2cfdddcc43d39585f7e280e3c",
	"author": "scottrogowski",
	"message": "add image",
	"date": {
		"$date": "2021-04-24T02:20:33Z"
	}
}
{
	"_id": {
		"$oid": "64b02a60db66c7a5db961eab"
	},
	"sha": "2e151ac338ff4c04f79aca27a649d60c2be1e85b",
	"author": "scottrogowski",
	"message": "add logo",
	"date": {
		"$date": "2021-04-24T06:11:11Z"
	}
}
{
	"_id": {
		"$oid": "64b02a60db66c7a5db961eac"
	},
	"sha": "9f921570c027d675bf45ccd07a543c342eee2025",
	"author": "scottrogowski",
	"message": "fix setup.py. Regex tweaks. Decide on algorithm",
	"date": {
		"$date": "2021-04-25T14:20:38Z"
	}
}
{
	"_id": {
		"$oid": "64b02a60db66c7a5db961ead"
	},
	"sha": "db2c799a05754bc6072bf730c38799007cd07d9f",
	"author": "scottrogowski",
	"message": "checkpoint. Moving to AST",
	"date": {
		"$date": "2021-04-27T20:39:58Z"
	}
}
{
	"_id": {
		"$oid": "64b02a60db66c7a5db961eae"
	},
	"sha": "ff3377c2030a72baf169eac54071be18299beb79",
	"author": "scottrogowski",
	"message": "progress",
	"date": {
		"$date": "2021-04-27T21:13:05Z"
	}
}
{
	"_id": {
		"$oid": "64b02a60db66c7a5db961eaf"
	},
	"sha": "a534da89525739be0e731036f5832c9385fb071b",
	"author": "scottrogowski",
	"message": "remove namespacesfunctions",
	"date": {
		"$date": "2021-04-27T21:17:47Z"
	}
}
{
	"_id": {
		"$oid": "64b02a60db66c7a5db961eb0"
	},
	"sha": "6622f0fe5285fcef63427daf0140007eaee399fd",
	"author": "scottrogowski",
	"message": "checkpoint. Variables work okay. Thinking about making everything a variable",
	"date": {
		"$date": "2021-04-28T01:24:30Z"
	}
}
{
	"_id": {
		"$oid": "64b02a60db66c7a5db961eb1"
	},
	"sha": "10cf254042a387a158b7cdf753d3b07972c37d2c",
	"author": "scottrogowski",
	"message": "checkpoint. Passing basic unit tests. Moving files...",
	"date": {
		"$date": "2021-04-28T19:02:38Z"
	}
}
{
	"_id": {
		"$oid": "64b02a60db66c7a5db961eb2"
	},
	"sha": "02f6693de6d29f171604f2ad1a1a313cbbfd9455",
	"author": "scottrogowski",
	"message": "add missing test files",
	"date": {
		"$date": "2021-04-28T19:02:57Z"
	}
}
{
	"_id": {
		"$oid": "64b02a60db66c7a5db961eb3"
	},
	"sha": "dcced8f9d7cf9999470b65a629bdd3f89a7e7191",
	"author": "scottrogowski",
	"message": "add json. Cleanups",
	"date": {
		"$date": "2021-04-28T20:37:50Z"
	}
}
{
	"_id": {
		"$oid": "64b02a60db66c7a5db961eb4"
	},
	"sha": "336eb1ef2f4144db73f800b43239bfbe04554e63",
	"author": "scottrogowski",
	"message": "docstrings",
	"date": {
		"$date": "2021-04-28T22:04:54Z"
	}
}
{
	"_id": {
		"$oid": "64b02a60db66c7a5db961eb5"
	},
	"sha": "acb4247837b9cd43e89f966b922b31071ddb0990",
	"author": "scottrogowski",
	"message": "updated output.png",
	"date": {
		"$date": "2021-04-28T22:10:12Z"
	}
}
{
	"_id": {
		"$oid": "64b02a60db66c7a5db961eb6"
	},
	"sha": "721fe189296d8cb48acb182ff87d6915175a8535",
	"author": "scottrogowski",
	"message": "update README",
	"date": {
		"$date": "2021-04-28T22:18:31Z"
	}
}
{
	"_id": {
		"$oid": "64b02a60db66c7a5db961eb7"
	},
	"sha": "fd2d02fe4dd9fc3821df8863b4db0e69249dcb64",
	"author": "scottrogowski",
	"message": "updates in quotes",
	"date": {
		"$date": "2021-04-28T22:19:40Z"
	}
}
{
	"_id": {
		"$oid": "64b02a60db66c7a5db961eb8"
	},
	"sha": "1b6444765c707a3da72a9e6d703f187dc4df0d58",
	"author": "scottrogowski",
	"message": "figurecaption",
	"date": {
		"$date": "2021-04-28T22:23:49Z"
	}
}
{
	"_id": {
		"$oid": "64b02a60db66c7a5db961eb9"
	},
	"sha": "2149a17a68df14542de19c0c6406455e9f4dc362",
	"author": "scottrogowski",
	"message": "fixes in setup.py",
	"date": {
		"$date": "2021-04-28T22:47:33Z"
	}
}
{
	"_id": {
		"$oid": "64b02a60db66c7a5db961eba"
	},
	"sha": "1bb555513a3ea248b0ba9946d703e064ef074948",
	"author": "scottrogowski",
	"message": "1.0 is correct version. Add make clean",
	"date": {
		"$date": "2021-04-28T22:52:22Z"
	}
}
{
	"_id": {
		"$oid": "64b02a60db66c7a5db961ebb"
	},
	"sha": "942600147cedb143f31ea49631340d6cce9a4d5a",
	"author": "scottrogowski",
	"message": "change badge color",
	"date": {
		"$date": "2021-04-28T22:53:06Z"
	}
}
{
	"_id": {
		"$oid": "64b02a60db66c7a5db961ebc"
	},
	"sha": "3dbf8cb586b6b4423ff6104dcae056e8b1d14a43",
	"author": "scottrogowski",
	"message": "cherry pick from js branch",
	"date": {
		"$date": "2021-05-02T21:10:40Z"
	}
}
{
	"_id": {
		"$oid": "64b02a60db66c7a5db961ebd"
	},
	"sha": "e0883c03ef220b21f65e8f89c0cb344606a83d22",
	"author": "scottrogowski",
	"message": "update test resolution",
	"date": {
		"$date": "2021-05-02T21:45:17Z"
	}
}
{
	"_id": {
		"$oid": "64b02a60db66c7a5db961ebe"
	},
	"sha": "9478c880370b2fefb77e185a304d1b1855bd1160",
	"author": "scottrogowski",
	"message": "update from js",
	"date": {
		"$date": "2021-05-03T20:25:22Z"
	}
}
{
	"_id": {
		"$oid": "64b02a60db66c7a5db961ebf"
	},
	"sha": "fc7d4487ea50f948d38455b79f64fd76b14b9c86",
	"author": "scottrogowski",
	"message": "100% code coverage",
	"date": {
		"$date": "2021-05-05T22:45:36Z"
	}
}
{
	"_id": {
		"$oid": "64b02a60db66c7a5db961ec0"
	},
	"sha": "c9e99ac8eb5949c806f3ea5373d6ca7547000a41",
	"author": "scottrogowski",
	"message": "tweak readme",
	"date": {
		"$date": "2021-05-05T22:48:29Z"
	}
}
{
	"_id": {
		"$oid": "64b02a60db66c7a5db961ec1"
	},
	"sha": "3e159f2b91cda1c3dc906a256c48badf0a3dd2a2",
	"author": "scottrogowski",
	"message": "tweak readme",
	"date": {
		"$date": "2021-05-05T22:50:20Z"
	}
}
{
	"_id": {
		"$oid": "64b02a60db66c7a5db961ec2"
	},
	"sha": "d8ad82e1e9470093d094a17728d0d7d95405a05f",
	"author": "scottrogowski",
	"message": "tweak README",
	"date": {
		"$date": "2021-05-05T23:12:32Z"
	}
}
{
	"_id": {
		"$oid": "64b02a60db66c7a5db961ec3"
	},
	"sha": "a1df5d62917b01f602e43bbc882b31c771fdcc58",
	"author": "scottrogowski",
	"message": "add engine from js. Add pytest",
	"date": {
		"$date": "2021-05-11T19:14:52Z"
	}
}
{
	"_id": {
		"$oid": "64b02a60db66c7a5db961ec4"
	},
	"sha": "b8045b37580b57b3bc4753df848026ad149665d0",
	"author": "scottrogowski",
	"message": "remove RESERVED_KEYWORDS",
	"date": {
		"$date": "2021-05-11T19:16:04Z"
	}
}
{
	"_id": {
		"$oid": "64b02a60db66c7a5db961ec5"
	},
	"sha": "8a3aa17812dba07846fc23b29e78ab9611919150",
	"author": "scottrogowski",
	"message": "pull requirements from js",
	"date": {
		"$date": "2021-05-11T19:19:29Z"
	}
}
{
	"_id": {
		"$oid": "64b02a60db66c7a5db961ec6"
	},
	"sha": "cf55a02ac2e4c54588c0d2097a2decc7205aff69",
	"author": "scottrogowski",
	"message": "python3.6 support",
	"date": {
		"$date": "2021-05-13T17:14:59Z"
	}
}
{
	"_id": {
		"$oid": "64b02a60db66c7a5db961ec7"
	},
	"sha": "1594181b088803149f14f574f5e3e5c8e7cbd57d",
	"author": "scottrogowski",
	"message": "tweak testing. Allow any-size render",
	"date": {
		"$date": "2021-05-13T21:32:40Z"
	}
}
{
	"_id": {
		"$oid": "64b02a60db66c7a5db961ec8"
	},
	"sha": "30d4d13b09c60ebbce5393d6165dd2bba5960095",
	"author": "scottrogowski",
	"message": "Merge branch 'master' of https://github.com/scottrogowski/code2flow",
	"date": {
		"$date": "2021-05-15T02:52:49Z"
	}
}
{
	"_id": {
		"$oid": "64b02a60db66c7a5db961ec9"
	},
	"sha": "49c2e000408196c9184e3f181a5efe61336e7ec2",
	"author": "scottrogowski",
	"message": "tweak README.md",
	"date": {
		"$date": "2021-05-15T02:55:40Z"
	}
}
{
	"_id": {
		"$oid": "64b02a60db66c7a5db961eca"
	},
	"sha": "8e4154b81a77477fa86d3b4459e6f2a1b143525d",
	"author": "scottrogowski",
	"message": "more README tweaks",
	"date": {
		"$date": "2021-05-15T03:20:21Z"
	}
}
{
	"_id": {
		"$oid": "64b02a60db66c7a5db961ecb"
	},
	"sha": "c29dc7687563c8ca6596ca92ec3296b1dec6c195",
	"author": "scottrogowski",
	"message": "Resolve legend/color discrepancy for regular nodes",
	"date": {
		"$date": "2021-05-30T08:26:11Z"
	}
}
{
	"_id": {
		"$oid": "64b02a60db66c7a5db961ecc"
	},
	"sha": "3df0674de6dd82c48c920373d12564cfff1f6e59",
	"author": "scottrogowski",
	"message": "add acknowledgement",
	"date": {
		"$date": "2021-05-30T08:34:19Z"
	}
}
{
	"_id": {
		"$oid": "64b02a60db66c7a5db961ecd"
	},
	"sha": "1d6e1008a48cbd5bd84d9739d53b01b1206c82c1",
	"author": "scottrogowski",
	"message": "add constructor support",
	"date": {
		"$date": "2021-05-30T10:49:00Z"
	}
}
{
	"_id": {
		"$oid": "64b02a60db66c7a5db961ece"
	},
	"sha": "93258aa9ce87d809a1b5737d60fd2b9d4a5ebbd2",
	"author": "scottrogowski",
	"message": "update output image",
	"date": {
		"$date": "2021-05-30T10:59:02Z"
	}
}
{
	"_id": {
		"$oid": "64b02a60db66c7a5db961ecf"
	},
	"sha": "adcc7073946b142234e520225b7534037819ee3c",
	"author": "scottrogowski",
	"message": "bump version / ensure consistency",
	"date": {
		"$date": "2021-05-30T15:25:04Z"
	}
}
{
	"_id": {
		"$oid": "64b02a60db66c7a5db961ed0"
	},
	"sha": "a7b775ad2a2cd3523f664de456473b662d3f17ef",
	"author": "Scott Rogowski",
	"message": "Js (#23)\n\n* javascript working for most basic script\r\n\r\n* 'this' is working better\r\n\r\n* progress\r\n\r\n* progress\r\n\r\n* tests pass. JS almost at same level as Python\r\n\r\n* module type for js\r\n\r\n* 100% js coverage\r\n\r\n* tweaks to engine\r\n\r\n* remove unneeded test\r\n\r\n* readme tweak\r\n\r\n* version tweaks\r\n\r\n* JS at 100%. Generalized find_links and simplified implementations a bit more\r\n\r\n* js cleanup. Almost ready\r\n\r\n* clean up naming\r\n\r\n* further simplify. In a good place for remaining two languages\r\n\r\n* small tweaks\r\n\r\n* fix from first Kentaro review\r\n\r\n* sync the BaseLanguage with new reality. Fix test_bad_acorn\r\n\r\n* source_type on abstract class addressed\r\n\r\n* small fixes for chart.js\r\n\r\n* js merge in progress\r\n\r\n* pull in two more things\r\n\r\n* finish merge\r\n\r\n* fix cli and test for skip_parse_errors\r\n\r\n* Chart.js renders\r\n\r\n* small inherits fix for js\r\n\r\n* remove unneeded line in get_ast.js\r\n\r\n* proper version bumping",
	"date": {
		"$date": "2021-06-15T05:05:56Z"
	}
}
{
	"_id": {
		"$oid": "64b02a60db66c7a5db961ed1"
	},
	"sha": "ee8e71e298adb0e82f119fb2dbf7c3fd626ba377",
	"author": "Scott Rogowski",
	"message": "Windows (#25)\n\n* possible fix for windows cli problem\r\n\r\n* small change on Makefile\r\n\r\n* small merge fix\r\n\r\n* will come back to remaining unit tests\r\n\r\n* final changes",
	"date": {
		"$date": "2021-06-15T06:07:52Z"
	}
}
{
	"_id": {
		"$oid": "64b02a60db66c7a5db961ed2"
	},
	"sha": "6bcd498947781038bcdaa6397a523355078b3551",
	"author": "Scott Rogowski",
	"message": "Php + Ruby (#26)\n\n* javascript working for most basic script\r\n\r\n* 'this' is working better\r\n\r\n* progress\r\n\r\n* progress\r\n\r\n* tests pass. JS almost at same level as Python\r\n\r\n* module type for js\r\n\r\n* 100% js coverage\r\n\r\n* tweaks to engine\r\n\r\n* remove unneeded test\r\n\r\n* readme tweak\r\n\r\n* version tweaks\r\n\r\n* JS at 100%. Generalized find_links and simplified implementations a bit more\r\n\r\n* js cleanup. Almost ready\r\n\r\n* clean up naming\r\n\r\n* further simplify. In a good place for remaining two languages\r\n\r\n* small tweaks\r\n\r\n* fix from first Kentaro review\r\n\r\n* sync the BaseLanguage with new reality. Fix test_bad_acorn\r\n\r\n* most of Ruby done. A few things left to test.\r\n\r\n* source_type on abstract class addressed\r\n\r\n* checkpoint. At 100% coverage. Few more tests\r\n\r\n* checkpoint. Still 100%\r\n\r\n* all obvious unit tests added\r\n\r\n* runs on tzinfo. No validation yet\r\n\r\n* cleanup Ruby\r\n\r\n* add a test case. Still another to go\r\n\r\n* Ruby ready\r\n\r\n* first test done php\r\n\r\n* small cleanup from php branch\r\n\r\n* PHP. First checkpoint. Tests pass. All meaningful code being run. Decent way to go\r\n\r\n* checkpoint not working\r\n\r\n* small fixes for chart.js\r\n\r\n* inherits\r\n\r\n* more inheritance / traits / linenos\r\n\r\n* parse errors\r\n\r\n* js merge in progress\r\n\r\n* pull in two more things\r\n\r\n* fix mapit 1\r\n\r\n* finish merge\r\n\r\n* fix cli and test for skip_parse_errors\r\n\r\n* namespaces\r\n\r\n* tests passing but not happy with closure behavior on factory test\r\n\r\n* happy with factory now\r\n\r\n* nested functions\r\n\r\n* namespace tests pass again. Code very dirty\r\n\r\n* add interface tests. Back to 100% coverage\r\n\r\n* progress. Going back to js branch\r\n\r\n* at 100%. Big improvement to resolve_str_variable\r\n\r\n* progress on PHP get_name but might need to revert. Fixed chart.js error.\r\n\r\n* back to 100% coverage. Lots of small tweaks\r\n\r\n* small cleanup\r\n\r\n* diagnosing broken tests\r\n\r\n* cleanup constants\r\n\r\n* tests pass. Lots of stuff cleaned up\r\n\r\n* small cleanup\r\n\r\n* better docstrings in model. Cleanup\r\n\r\n* apply namespaces to ruby too\r\n\r\n* a few more things cleaned up\r\n\r\n* fix group_type again\r\n\r\n* update output\r\n\r\n* remove lingering TODOs\r\n\r\n* more cleanup\r\n\r\n* 100% test coverage\r\n\r\n* small fixes from looking at diff\r\n\r\n* small tweaks from first comments\r\n\r\n* Update code2flow/php.py\r\n\r\nCo-authored-by: Kentaro Suetsugu <36753697+suetsuguk@users.noreply.github.com>\r\n\r\n* add ruby and php to choices\r\n\r\nCo-authored-by: Kentaro Suetsugu <36753697+suetsuguk@users.noreply.github.com>",
	"date": {
		"$date": "2021-06-24T11:35:18Z"
	}
}
{
	"_id": {
		"$oid": "64b02a60db66c7a5db961ed3"
	},
	"sha": "74103c10179d63fc57f6cfd7f21e5b095d582418",
	"author": "scottrogowski",
	"message": "README cleanup + pip install. Add build to Makefile. Update image.",
	"date": {
		"$date": "2021-06-27T19:07:24Z"
	}
}
{
	"_id": {
		"$oid": "64b02a60db66c7a5db961ed4"
	},
	"sha": "6e76c316af2d62d54b181f9ba771a88ad671c93c",
	"author": "scottrogowski",
	"message": "better assert for output file parameter",
	"date": {
		"$date": "2021-07-30T13:52:13Z"
	}
}
{
	"_id": {
		"$oid": "64b02a60db66c7a5db961ed5"
	},
	"sha": "412d0e82da5622bbed343a037d7a151efda27bda",
	"author": "Andre Klärner",
	"message": "pretty codeblock (#32)",
	"date": {
		"$date": "2021-10-04T01:48:00Z"
	}
}
{
	"_id": {
		"$oid": "64b02a60db66c7a5db961ed6"
	},
	"sha": "5ae4c31895d86f967b3a5ee2eee2ba2160045c30",
	"author": "Scott Rogowski",
	"message": "fallback encoding for Python (#31)",
	"date": {
		"$date": "2021-10-10T23:10:43Z"
	}
}
{
	"_id": {
		"$oid": "64b02a60db66c7a5db961ed7"
	},
	"sha": "fd47e545df29a22e36cb7de4e36cfe7c749d6523",
	"author": "Scott Rogowski",
	"message": "More robust troubleshooting (#34)\n\n* more robust troubleshooting and add js fix\r\n\r\n* more js fixes and coverage back to 100%\r\n\r\n* slightly better debugging graphviz",
	"date": {
		"$date": "2021-10-11T18:07:24Z"
	}
}
{
	"_id": {
		"$oid": "64b02a60db66c7a5db961ed8"
	},
	"sha": "bded7b4bcf682baedaf3b6e7341af674af1cf02c",
	"author": "scottrogowski",
	"message": "release 2.3.0",
	"date": {
		"$date": "2021-10-11T18:13:24Z"
	}
}
{
	"_id": {
		"$oid": "64b02a60db66c7a5db961ed9"
	},
	"sha": "2bd6adf9acdcd988092421981eeff43e3f55a92f",
	"author": "Scott Rogowski",
	"message": "December fixes (#35)\n\n* improve dependency robustness. Fix Python import bug. Small text improvements\r\n\r\n* include acorn dependency\r\n\r\n* add acorn package\r\n\r\n* add python test for relative paths\r\n\r\n* fix eof newlines\r\n\r\nCo-authored-by: Scott <scott@Scotts-MacBook-Pro.local>",
	"date": {
		"$date": "2021-12-10T05:01:22Z"
	}
}
{
	"_id": {
		"$oid": "64b02a60db66c7a5db961eda"
	},
	"sha": "1cd0e616bf7ba63a82e299b306b476d6e6fe00aa",
	"author": "Scott Rogowski",
	"message": "fix issues with chained Python func calls (#39)\n\nCo-authored-by: Scott <scott@Scotts-MacBook-Pro.local>",
	"date": {
		"$date": "2021-12-14T02:29:17Z"
	}
}
{
	"_id": {
		"$oid": "64b02a60db66c7a5db961edb"
	},
	"sha": "eac9ac4fe8afb2b7a3215b287c390519b3b88fb0",
	"author": "yonashub",
	"message": "Edgecolors (#38)\n\n* create multiple edge colors\r\n\r\nhave multiple edge colors to make following paths easy.\r\nedges originating from a source will have same color.\r\n\r\n* Update model.py\r\n\r\n* change colors to colorblind. Remove unused constant\r\n\r\nCo-authored-by: Scott Rogowski <scottmrogowski@gmail.com>",
	"date": {
		"$date": "2021-12-14T03:23:36Z"
	}
}
{
	"_id": {
		"$oid": "64b02a60db66c7a5db961edc"
	},
	"sha": "8ccec747e4033834b85d7a6364f4c811cda24118",
	"author": "Scott Rogowski",
	"message": "version bump 2.3.1",
	"date": {
		"$date": "2021-12-14T03:39:18Z"
	}
}
{
	"_id": {
		"$oid": "64b02a60db66c7a5db961edd"
	},
	"sha": "0fb85d1404eef49d8eca270846f0135d9c34a76f",
	"author": "Scott Rogowski",
	"message": "add terminal output to unit tests",
	"date": {
		"$date": "2021-12-15T00:34:48Z"
	}
}
{
	"_id": {
		"$oid": "64b02a60db66c7a5db961ede"
	},
	"sha": "50ab7950edd7b01da01cb7aabbc25b40bd543b13",
	"author": "Scott Rogowski",
	"message": "Fix version bump on shield. Tweak copy and order of README",
	"date": {
		"$date": "2021-12-17T01:17:13Z"
	}
}
{
	"_id": {
		"$oid": "64b02a60db66c7a5db961edf"
	},
	"sha": "ac601966c2c771bd12a082cff8e0b640608d7650",
	"author": "Scott Rogowski",
	"message": "Subsets (#44)\n\n* implement subsets\r\n\r\n* cleanup long lines\r\n\r\n* naming cleanup\r\n\r\n* cleanup dev_requirements & fix one test",
	"date": {
		"$date": "2021-12-27T03:05:12Z"
	}
}
{
	"_id": {
		"$oid": "64b02a60db66c7a5db961ee0"
	},
	"sha": "37e45ca4340289f8ceec79b3fe5131c401387c58",
	"author": "Scott Rogowski",
	"message": "version bump 2.4.0",
	"date": {
		"$date": "2021-12-27T03:14:04Z"
	}
}
{
	"_id": {
		"$oid": "64b02a60db66c7a5db961ee1"
	},
	"sha": "1d9e3b37b3cf64625f17600a900110728566e9f2",
	"author": "Patrick Rachford",
	"message": "Update README.md (#52)\n\n* Update README.md\r\n\r\nReplaced hyphen with endash\r\nUsed active voice.\r\nAdded commas.\r\nChanged javascript/Javasript to JavaScript.\r\nRemoved duplacte words.\r\n\r\n* Update README.md\r\n\r\nTypos\r\n\r\n* Small change\r\n\r\nCo-authored-by: Scott Rogowski <scottmrogowski@gmail.com>",
	"date": {
		"$date": "2022-03-10T20:12:42Z"
	}
}
{
	"_id": {
		"$oid": "64b02a60db66c7a5db961ee2"
	},
	"sha": "f43ff06ade34692eb79fbf598318e85b56db3142",
	"author": "Scott Rogowski",
	"message": "Include namespaces (#54)\n\n* --include-only-namespace/function arguments\r\n\r\n* fix bugs and add tests",
	"date": {
		"$date": "2022-03-25T19:48:11Z"
	}
}
{
	"_id": {
		"$oid": "64b02a60db66c7a5db961ee3"
	},
	"sha": "0fb8503660babcd6f4a1ac7ac142ba78fd7d1334",
	"author": "Scott Rogowski",
	"message": "Add warning for no nodes (#55)\n\n* Add warning for no nodes\r\n\r\n* tweak text",
	"date": {
		"$date": "2022-03-25T19:48:34Z"
	}
}
{
	"_id": {
		"$oid": "64b02a60db66c7a5db961ee4"
	},
	"sha": "50c8fee3e78d9e2742f162af0f83aa8c8bba6b6b",
	"author": "Scott Rogowski",
	"message": "add imported library usage to README (#56)",
	"date": {
		"$date": "2022-03-25T19:48:58Z"
	}
}
{
	"_id": {
		"$oid": "64b02a60db66c7a5db961ee5"
	},
	"sha": "38aad706c827a315101ed089eb160d28337cb260",
	"author": "Scott Rogowski",
	"message": "add async/await functionality to Python (#57)",
	"date": {
		"$date": "2022-03-25T19:49:23Z"
	}
}
{
	"_id": {
		"$oid": "64b02a60db66c7a5db961ee6"
	},
	"sha": "d357bc64526dd7306052a9121ad13b94f408759a",
	"author": "Scott Rogowski",
	"message": "version bump 2.5.0",
	"date": {
		"$date": "2022-03-25T19:53:11Z"
	}
}
{
	"_id": {
		"$oid": "64b02a60db66c7a5db961ee7"
	},
	"sha": "0cb44fb3f9da2831b975a5959a7dd9fdac8c47de",
	"author": "Tim Gates",
	"message": "docs: Fix a few typos (#64)\n\nThere are small typos in:\r\n- code2flow/javascript.py\r\n- code2flow/php.py\r\n- code2flow/python.py\r\n- code2flow/ruby.py\r\n- tests/test_code/py/pytz/tzinfo.py\r\n\r\nFixes:\r\n- Should read `cleaner` rather than `clearner`.\r\n- Should read `correct` rather than `corrent`.\r\n- Should read `ambiguous` rather than `ambigous`.",
	"date": {
		"$date": "2022-07-25T02:31:14Z"
	}
}
{
	"_id": {
		"$oid": "64b02a60db66c7a5db961ee8"
	},
	"sha": "7cfc8204bcbff39d1f3e8e5359a97ed1ffe1aeca",
	"author": "Scott Rogowski",
	"message": "Update README.md",
	"date": {
		"$date": "2022-07-25T02:52:47Z"
	}
}
{
	"_id": {
		"$oid": "64b02a60db66c7a5db961ee9"
	},
	"sha": "5fdf99bab2fc0dc1144d593f7ce03dabff05be70",
	"author": "Pandaft",
	"message": "Fixed failed to install (#72) (#73)",
	"date": {
		"$date": "2023-01-08T22:50:48Z"
	}
}
{
	"_id": {
		"$oid": "64b02a60db66c7a5db961eea"
	},
	"sha": "c2c22afe5e12f969cc256373bf8f4eec592dc762",
	"author": "Scott Rogowski",
	"message": "version bump 2.5.1",
	"date": {
		"$date": "2023-01-08T22:55:22Z"
	}
}
