{
	"_id": {
		"$oid": "64af4e4938386b82928ec7fc"
	},
	"id": 11,
	"title": "Build failed \"Could not find resource file droidcalls.jar\"",
	"body": "Hello all, \r\n\r\nI'm trying to install droidsafe according to the WIKI. When I issue ant compile, I can see the builds completes, but with 46 errors. (See example below)\r\n\r\n  [exec]   symbol:   variable PendingIntent\r\n     [exec]   location: class DroidSafeCalls\r\n     [exec] edu/mit/csail/droidsafe/DroidSafeCalls.java:132: error: cannot find symbol\r\n     [exec]     context.startActivity (new Intent (context, activityClass));\r\n\r\nI'm trying to install the eclipse plugin in macOS. When I run ant plugin-deploy I get the message Could not find resource file droidcalls.jar (along with the 46 errors above) and the build fails. How do I solve this issue?  ",
	"state": "open",
	"comments": []
}
{
	"_id": {
		"$oid": "64af4e4938386b82928ec7fd"
	},
	"id": 10,
	"title": "Has droidsafe plugin for Android Studio?",
	"body": "I want a plugin similar to eclipse for android studio for analyzing information flows in android apps. Is there such plugin?",
	"state": "open",
	"comments": []
}
{
	"_id": {
		"$oid": "64af4e4938386b82928ec7fe"
	},
	"id": 9,
	"title": "Analysis does not complete",
	"body": "Hi,\r\n\r\nI have been tried to run droidsafe from the command line on a set of benchmarks. Initially I found out that droidsafe throws an error when I run the tool against the apk files that I have. This was because droidsafe is using an older version of apktool. The older version was failing to decompile my apk files. So I update the apktool version. After updating apktool I ran droidsafe on one of the apk files in my benchmark. However, now I see that the analysis does not complete. I let it run for well over ten minutes but it gets stuck at \"Starting Generate RCFG...\". Can you tell me what is wrong?\r\n\r\n",
	"state": "open",
	"comments": [
		"Hi, \r\nWere you able to figure it out? i need some help too",
		"@Anusha-G-Rao yes, it works with example apps but the analysis does not complete for all apps. What problems are you facing? Maybe try using apktool 2.2.4 or try setting the variable DROIDSAFE_MEMORY=32 in your environment. Also, run on a machine that has 32GB RAM",
		"@mgordon \r\n\r\nI have tried to run droidsafe from the command line on a set of benchmarks. Initially I found out that droidsafe throws an error when I run the tool against the apk files that I have. This was because droidsafe is using an older version of apktool. The older version was failing to decompile my apk files. So I update the apktool version. After updating apktool I ran droidsafe on one of the apk files in my benchmark. However, now I see that the analysis does not complete. I let it run for well over ten minutes but it gets stuck at \"Starting Generate RCFG...\". I have tried running analysis on the same apk on a machine with 64GB Ram as well, but the analysis does not complete. Can you someone from the team please provide some insight?",
		"@Anusha-G-Rao Did you figure it out?"
	]
}
{
	"_id": {
		"$oid": "64af4e4938386b82928ec7ff"
	},
	"id": 8,
	"title": "Higher API version support ?",
	"body": "Hi Team,\r\n\r\nIs it possible to extend the droidsafe Android API  19 version support to higher version ?\r\n\r\nI am doing a android app project and want to utilize this tools for analysis. It will good if you can atleast support 20v. \r\n\r\nThanks in advance.\r\n\r\nSent from my iPhone",
	"state": "open",
	"comments": []
}
{
	"_id": {
		"$oid": "64af4e4938386b82928ec800"
	},
	"id": 7,
	"title": "Makefile:4: *** DROIDSAFE_SRC_HOME is undefined.  Stop.",
	"body": "Hello \n# Please help, when I run the Droidsafe static analyzer on the Android APK using make command \" make specdump-apk \" I got the following error\n\nMakefile:4: **\\* DROIDSAFE_SRC_HOME is undefined.  Stop.\nhanoy@hanoy-VirtualBox:~/DROIDSAFE_SRC_HOME/android-apps/examples/PickContacts_apk$ make specdump-apk\n# \n",
	"state": "open",
	"comments": [
		"Hi @hanoy11 ,\r\n\r\nWhile Installing the Droidsafe Eclipse Plugin, were you able to run ant plugin-deploy command. My Build is failing due to the following message: \r\n     [java] Buildfile: /scripts/build.xml\r\n     [java] \r\n     [java] BUILD FAILED\r\n     [java] Buildfile: /scripts/build.xml does not exist\r\n\r\nIf possible would you still have the scripts/build.xml file with you?\r\n\r\nThanking in advance."
	]
}
{
	"_id": {
		"$oid": "64af4e4938386b82928ec801"
	},
	"id": 6,
	"title": "there is no scripts/build.xml ",
	"body": "when i want to install the plugin in eclipse  when i use the ant  plugin-deploy  the result is as the following:\n\nbuild:\n     [java] Buildfile: /scripts/build.xml\n     [java] \n     [java] BUILD FAILED\n     [java] Buildfile: /scripts/build.xml does not exist\n     [java] \n     [java] Total time: 0 seconds\n     [java] An error has occurred. See the log file\n     [java] /home/hit_alan/workspace/.metadata/.log.\n\nBUILD FAILED\n/home/hit_alan/softwares/Droidsafe/droidsafe-src/build.xml:543: The following error occurred while executing this line:\n/home/hit_alan/softwares/Droidsafe/droidsafe-src/src/eclipse/build-plugin.xml:87: Java returned: 13\n",
	"state": "open",
	"comments": [
		"were you able to resolve this?"
	]
}
{
	"_id": {
		"$oid": "64af4e4938386b82928ec802"
	},
	"id": 5,
	"title": "Is the code inside framework-intermediates-classes.jar availble? ",
	"body": "",
	"state": "closed",
	"comments": []
}
{
	"_id": {
		"$oid": "64af4e4938386b82928ec803"
	},
	"id": 4,
	"title": "[Q] How to run droidsafe on an Android Studio project?",
	"body": "I've been trying to get it working, but it just doesn't run on an Android Studio project.\n\nThe error message:\n\nBuildfile: build.xml does not exist!\nBuild failed\n\nIs it possible to run droidsafe with gradle?\n",
	"state": "open",
	"comments": []
}
{
	"_id": {
		"$oid": "64af4e4938386b82928ec804"
	},
	"id": 3,
	"title": "Error 255",
	"body": "Hi Gordon,\n\nCurrently i'm working with Droidsafe as part of my PhD thesis. I'm having some issues running your tool with some apk's. In particular i'm getting 'Error 255' when running Droidsafe. \n\nI'm trying to run Droidsafe with this [apk](https://dl.dropboxusercontent.com/u/4250940/adrd_sample.apk) file (please, it is a malware sample proceed with care).\nThis is the [log](https://dl.dropboxusercontent.com/u/4250940/droidsafe_error255_log.txt) of Droidsafe execution, as i said it ends with Error 255. \n\nThank You\n",
	"state": "open",
	"comments": []
}
{
	"_id": {
		"$oid": "64af4e4938386b82928ec805"
	},
	"id": 2,
	"title": "Insufficient Memory",
	"body": "Hi, \n\nI ran droidsafe on an AWS Memory Optimized instance with 244GBs of memory. I followed the documented instructions in the Wiki on a real-world application and it failed due to insufficient amounts of memory. I have no problems running and completing the PickContact test. \n\nHow much resources is deemed sufficient for analysis of a reasonably sized app? \n\n```\nWARN: Error in soot hierarchy. Interface found where class excepted: com.google.android.gms.drive.metadata.OrderedMetadataField\nWARN: Error in soot hierarchy. Interface found where class excepted: com.google.android.gms.drive.metadata.internal.a\nWARN: Error in soot hierarchy. Interface found where class excepted: com.google.android.gms.drive.metadata.internal.d\nWARN: Error in soot hierarchy. Interface found where class excepted: com.google.android.gms.drive.metadata.internal.e\nWARN: Error in soot hierarchy. Interface found where class excepted: com.google.android.gms.drive.metadata.internal.h\nWARN: Error in soot hierarchy. Interface found where class excepted: com.google.android.gms.drive.metadata.internal.j\nNo context: 969\nInfo: Not accounting for newInstance(String) calls.\nSetting memory size to 240GB\nmake: *** [specdump-apk] Error 247\n```\n",
	"state": "open",
	"comments": [
		"Hello Frank,\n\nCan you provide more output for the run of the analysis? \n\nIn general, there are different components to our analysis that could be causing the issues with insufficient amounts of memory.  We have various flags that could try, or you can define your own (smaller) sources and sinks API call sets.  Let us know if you are still experiencing problems.\n",
		"Hi @mgordon \r\n\r\nI am currently facing issue while Installing the Droidsafe Eclipse Plugin.\r\n\r\nThe error log:\r\nxxxx@VirtualBox:~/Capstone/DroidSafe/droidsafe-src-master$ ant plugin-deploy\r\nBuildfile: /home/xxxx/Capstone/DroidSafe/droidsafe-src-master/build.xml\r\n\r\ncheck-for-changes:\r\n\r\nantlr-runs:\r\n\r\nbuild-libs:\r\n\r\ndroidsafe-calls-build:\r\n\r\ncompile-model:\r\n\r\ncompile-manual-model:\r\n   [delete] Deleting: /home/xxxx/Capstone/DroidSafe/droidsafe-src-master/android-lib/droidsafe-manual-api-model.jar\r\n      [jar] Building jar: /home/xxxx/Capstone/DroidSafe/droidsafe-src-master/android-lib/droidsafe-manual-api-model.jar\r\n\r\ncompile-ds:\r\n\r\ncompile:\r\n\r\nplugin:\r\n     [copy] Copying 2 files to /home/xxxxx/Capstone/DroidSafe/droidsafe-src-master/src/eclipse/droidsafe.eclipse.plugin.core/android-lib\r\n     [copy] Copying 61 files to /home/xxxxx/Capstone/DroidSafe/droidsafe-src-master/src/eclipse/droidsafe.eclipse.plugin.core/android-lib/res\r\n     [copy] Copying 2 files to /home/xxxxx/Capstone/DroidSafe/droidsafe-src-master/src/eclipse/droidsafe.eclipse.plugin.core/config-files\r\n\r\nplugin-deploy:\r\n\r\ncreate-build-properties:\r\n\r\nload-build-properties:\r\n\r\ncheck-eclipse-home:\r\n     [echo]  Eclipse Home Available = true \r\n     [echo]  Eclipse Home           = /home/xxxxx/eclipse \r\n\r\nset-eclipse-build-path:\r\n     [echo]  eclipse home      = /home/xxxx/eclipse \r\n     [echo]  eclipse launcher  = /home/xxxxx/eclipse/plugins/org.eclipse.equinox.launcher_1.3.201.v20161025-1711.jar \r\n     [echo]  eclipse pde build =  \r\n\r\ncheck-eclipse-build-files:\r\n\r\nprint-config-error-message:\r\n\r\ncopy-feature-and-plugin:\r\n     [copy] Copying 212 files to /home/xxxxx/Capstone/DroidSafe/droidsafe-src-master/src/eclipse/build/plugins/droidsafe.eclipse.plugin.core\r\n     [copy] Copying 5 files to /home/xxxx/Capstone/DroidSafe/droidsafe-src-master/src/eclipse/build/features/droidsafe.eclipse.plugin.feature\r\n     [copy] Copying 1 file to /home/xxxx/Capstone/DroidSafe/droidsafe-src-master/src/eclipse/build\r\n    [mkdir] Created dir: /home/xxxxx/Capstone/DroidSafe/droidsafe-src-master/src/eclipse/droidsafe-site-local\r\n\r\nbuild:\r\n     [java] org.eclipse.m2e.logback.configuration: The org.eclipse.m2e.logback.configuration bundle was activated before the state location was initialized.  Will retry after the state location is initialized.\r\n     [java] org.eclipse.m2e.logback.configuration: Logback config file: /home/sj2416/workspace/.metadata/.plugins/org.eclipse.m2e.logback.configuration/logback.1.7.0.20160603-1933.xml\r\n     [java] SLF4J: Class path contains multiple SLF4J bindings.\r\n     [java] SLF4J: Found binding in [bundleresource://924.fwk1682157864:1/org/slf4j/impl/StaticLoggerBinder.class]\r\n     [java] SLF4J: Found binding in [bundleresource://924.fwk1682157864:2/org/slf4j/impl/StaticLoggerBinder.class]\r\n     [java] SLF4J: See http://www.slf4j.org/codes.html#multiple_bindings for an explanation.\r\n     [java] org.eclipse.m2e.logback.configuration: Initializing logback\r\n     [java] SLF4J: Actual binding is of type [ch.qos.logback.classic.util.ContextSelectorStaticBinder]\r\n     [java] Buildfile: /scripts/build.xml\r\n     [java] \r\n     [java] BUILD FAILED\r\n     [java] Buildfile: /scripts/build.xml does not exist\r\n     [java] \r\n     [java] Total time: 0 seconds\r\n     [java] An error has occurred. See the log file\r\n     [java] /home/xxxxx/workspace/.metadata/.log.\r\n\r\nBUILD FAILED\r\n/home/xxxxx/Capstone/DroidSafe/droidsafe-src-master/build.xml:543: The following error occurred while executing this line:\r\n/home/xxxx/Capstone/DroidSafe/droidsafe-src-master/src/eclipse/build-plugin.xml:87: Java returned: 13\r\n\r\nThanking in advance.\r\n\r\nSweta Jhaveri"
	]
}
{
	"_id": {
		"$oid": "64af4e4938386b82928ec806"
	},
	"id": 1,
	"title": "Source code",
	"body": "Hi. I was wondering... where can one find the source?\n",
	"state": "closed",
	"comments": [
		"Hello Eric,\n\nSorry we missed this back in February, but we posted the source to this repo a couple of months ago.  Please let us know if you have any other questions.\n"
	]
}
