{
	"_id": {
		"$oid": "64b02a5edb66c7a5db961d85"
	},
	"sha": "468843375c6c70390e506d98e3f2fdbe298585e3",
	"author": "Vitalis Salis",
	"message": "Add basic implementation of pycg",
	"date": {
		"$date": "2019-08-07T15:27:57Z"
	}
}
{
	"_id": {
		"$oid": "64b02a5edb66c7a5db961d86"
	},
	"sha": "f5d7169e70aae62ca8c9aa988375a34ce933dcf4",
	"author": "Vitalis Salis",
	"message": "Do correct transitive closure",
	"date": {
		"$date": "2019-08-21T15:38:07Z"
	}
}
{
	"_id": {
		"$oid": "64b02a5edb66c7a5db961d87"
	},
	"sha": "9e3f6534f2505b618334fc655c0a15686906cb54",
	"author": "Vitalis Salis",
	"message": "Give snippets meaningful names",
	"date": {
		"$date": "2019-08-26T09:59:56Z"
	}
}
{
	"_id": {
		"$oid": "64b02a5edb66c7a5db961d88"
	},
	"sha": "e4a1d4de78895daff7aa735ecdcb2e9de286b05b",
	"author": "Vitalis Salis",
	"message": "Add *.swo to .gitignore",
	"date": {
		"$date": "2019-08-26T10:00:06Z"
	}
}
{
	"_id": {
		"$oid": "64b02a5edb66c7a5db961d89"
	},
	"sha": "0596e7d46073e1593aaedd8267e13108f1d25afc",
	"author": "Vitalis Salis",
	"message": "Add README and expected call graph to all snippets",
	"date": {
		"$date": "2019-08-26T11:52:06Z"
	}
}
{
	"_id": {
		"$oid": "64b02a5edb66c7a5db961d8a"
	},
	"sha": "882e9556a86370d21f91a1a88d6d218cba9bf8ab",
	"author": "Vitalis Salis",
	"message": "Add comments describing the implementation of pycg",
	"date": {
		"$date": "2019-08-26T14:45:01Z"
	}
}
{
	"_id": {
		"$oid": "64b02a5edb66c7a5db961d8b"
	},
	"sha": "9fe17be0c03107a839fd7a3f503a485f0802f59f",
	"author": "Vitalis Salis",
	"message": "More comments for utils",
	"date": {
		"$date": "2019-08-26T18:17:28Z"
	}
}
{
	"_id": {
		"$oid": "64b02a5edb66c7a5db961d8c"
	},
	"sha": "801d34eb17ef849fcf2e0ab110800304af435bf7",
	"author": "Vitalis Salis",
	"message": "Add set_scope_type method",
	"date": {
		"$date": "2019-08-27T09:43:46Z"
	}
}
{
	"_id": {
		"$oid": "64b02a5edb66c7a5db961d8d"
	},
	"sha": "94c64d343d4e177ff0d78fa2d410149ead10a114",
	"author": "Vitalis Salis",
	"message": "Rewrite the whole codebase\n\nI made this decision because the code was bad and difficult to work\nwith. A commit with an ARCHITECTURE.md file will follow detailing the\nnew architecture as well as unit tests.",
	"date": {
		"$date": "2019-10-29T19:22:20Z"
	}
}
{
	"_id": {
		"$oid": "64b02a5edb66c7a5db961d8e"
	},
	"sha": "91451ab9d641747083b5b7171aff2614ff1ca4e4",
	"author": "Vitalis Salis",
	"message": "Move test_suite to the root of the repository",
	"date": {
		"$date": "2019-11-03T16:51:21Z"
	}
}
{
	"_id": {
		"$oid": "64b02a5edb66c7a5db961d8f"
	},
	"sha": "8ee38951b023c6d21c3c3c8292e6fb675d6334a6",
	"author": "Vitalis Salis",
	"message": "Add unit testing structure",
	"date": {
		"$date": "2019-11-03T16:59:15Z"
	}
}
{
	"_id": {
		"$oid": "64b02a5edb66c7a5db961d90"
	},
	"sha": "6385e049c1a95f8c78c1e6234835e888cac087f3",
	"author": "Vitalis Salis",
	"message": "Add *.sw* rule on .gitignore",
	"date": {
		"$date": "2019-11-03T17:12:08Z"
	}
}
{
	"_id": {
		"$oid": "64b02a5edb66c7a5db961d91"
	},
	"sha": "9e36be68ec16badbe721d9bad902eb65691f5579",
	"author": "Vitalis Salis",
	"message": "Remove import hooks when a test case fails\n\nWhenever an error occurs and pycg doesn't exit properly\nthe import hooks added remain on sys.path.\nThis affects the next test case since an old entry exists\non sys.path leading to more errors.",
	"date": {
		"$date": "2019-11-03T17:12:41Z"
	}
}
{
	"_id": {
		"$oid": "64b02a5edb66c7a5db961d92"
	},
	"sha": "63db1103572846b3aa3271794a9e473fbdfde432",
	"author": "Vitalis Salis",
	"message": "Add unit tests for CallGraph objects",
	"date": {
		"$date": "2019-11-03T18:23:04Z"
	}
}
{
	"_id": {
		"$oid": "64b02a5edb66c7a5db961d93"
	},
	"sha": "002953745d09c850f70efaf98141da9915701202",
	"author": "Vitalis Salis",
	"message": "Add ScopeItem unit tests",
	"date": {
		"$date": "2019-11-03T19:43:24Z"
	}
}
{
	"_id": {
		"$oid": "64b02a5edb66c7a5db961d94"
	},
	"sha": "64db9b21d828cbafb5ff026036f3778c1a911c04",
	"author": "Vitalis Salis",
	"message": "Add ScopeManager unit tests and fix bugs identified",
	"date": {
		"$date": "2019-11-04T10:13:50Z"
	}
}
{
	"_id": {
		"$oid": "64b02a5edb66c7a5db961d95"
	},
	"sha": "f7c58148ac9363bce44799565662239c3777a1c4",
	"author": "Vitalis Salis",
	"message": "Add unit tests for ImportManager and refactor its code",
	"date": {
		"$date": "2019-11-04T13:42:57Z"
	}
}
{
	"_id": {
		"$oid": "64b02a5edb66c7a5db961d96"
	},
	"sha": "f2263f70c009e8406dc325f421d1a4c20750e685",
	"author": "Vitalis Salis",
	"message": "Move Pointers to separate file and add tests for them",
	"date": {
		"$date": "2019-11-04T16:42:28Z"
	}
}
{
	"_id": {
		"$oid": "64b02a5edb66c7a5db961d97"
	},
	"sha": "e4938408510e713d7dd1c36102d995d5ec8bf57c",
	"author": "Vitalis Salis",
	"message": "Remove NamePointer",
	"date": {
		"$date": "2019-11-04T17:03:12Z"
	}
}
{
	"_id": {
		"$oid": "64b02a5edb66c7a5db961d98"
	},
	"sha": "47d3100ea939c8f662b0f3a792aee76a2e0d3317",
	"author": "Vitalis Salis",
	"message": "Regression test bug regarding argument merges",
	"date": {
		"$date": "2019-11-04T17:47:30Z"
	}
}
{
	"_id": {
		"$oid": "64b02a5edb66c7a5db961d99"
	},
	"sha": "38838e3f6ccea894ec225a8a5a466ce8cec1b63d",
	"author": "Vitalis Salis",
	"message": "Add unit tests for definitions and fix bugs identified",
	"date": {
		"$date": "2019-11-04T21:03:35Z"
	}
}
{
	"_id": {
		"$oid": "64b02a5edb66c7a5db961d9a"
	},
	"sha": "6f5e52e5893d6011ff124170cb0a54e9c8c43787",
	"author": "Vitalis Salis",
	"message": "Add test suite snippets for lambdas",
	"date": {
		"$date": "2019-11-05T18:29:43Z"
	}
}
{
	"_id": {
		"$oid": "64b02a5edb66c7a5db961d9b"
	},
	"sha": "e5d53f2dbb3c59218154e27ab474e79ae775fcf8",
	"author": "Vitalis Salis",
	"message": "Add test cases for map and different types of assignments",
	"date": {
		"$date": "2019-11-06T09:51:56Z"
	}
}
{
	"_id": {
		"$oid": "64b02a5edb66c7a5db961d9c"
	},
	"sha": "b6b45f7c7b60a2fd84bad01a52356b5ac4f02b4e",
	"author": "Vitalis Salis",
	"message": "Add test case for calls from lists",
	"date": {
		"$date": "2019-11-06T10:03:52Z"
	}
}
{
	"_id": {
		"$oid": "64b02a5edb66c7a5db961d9d"
	},
	"sha": "9c059c505b06306f65cd19cbe3ee88a15826c9c1",
	"author": "Vitalis Salis",
	"message": "Include new test suite items to the functional tests",
	"date": {
		"$date": "2019-11-06T10:15:58Z"
	}
}
{
	"_id": {
		"$oid": "64b02a5edb66c7a5db961d9e"
	},
	"sha": "b7ddd8b7e399b235bbf88aff1e6a7ed70b7c6ff7",
	"author": "Vitalis Salis",
	"message": "bugfix: main module did not call the analysis",
	"date": {
		"$date": "2019-11-14T12:15:36Z"
	}
}
{
	"_id": {
		"$oid": "64b02a5edb66c7a5db961d9f"
	},
	"sha": "51015e282a02a87ebd9f3ddf9f10ffe1f449a47e",
	"author": "Vitalis Salis",
	"message": "Fix callgraph of lambda_calls_parameter snippet",
	"date": {
		"$date": "2019-11-14T15:12:13Z"
	}
}
{
	"_id": {
		"$oid": "64b02a5edb66c7a5db961da0"
	},
	"sha": "1c115e23c800029ef1e70109a7337c557023c892",
	"author": "Vitalis Salis",
	"message": "Add support for lambdas",
	"date": {
		"$date": "2019-11-14T15:12:46Z"
	}
}
{
	"_id": {
		"$oid": "64b02a5edb66c7a5db961da1"
	},
	"sha": "29c32929a81d16f38737e6a5e8e5f6df83b4bd66",
	"author": "Vitalis Salis",
	"message": "Add assigned_function_call_with_lit_param test suite snippet",
	"date": {
		"$date": "2019-11-14T15:16:19Z"
	}
}
{
	"_id": {
		"$oid": "64b02a5edb66c7a5db961da2"
	},
	"sha": "2fdc14e11452631f5f1a05b941449756ed6667c5",
	"author": "Vitalis Salis",
	"message": "Make lambda_return_call test pass",
	"date": {
		"$date": "2019-11-14T18:22:08Z"
	}
}
{
	"_id": {
		"$oid": "64b02a5edb66c7a5db961da3"
	},
	"sha": "710994ecba8f5ca5c82fd42417ecd9e7ccc7df51",
	"author": "Vitalis Salis",
	"message": "Replace get_current_namespace with the property current_ns",
	"date": {
		"$date": "2019-11-14T18:28:20Z"
	}
}
{
	"_id": {
		"$oid": "64b02a5edb66c7a5db961da4"
	},
	"sha": "76a15ddbd3fa6cdb527ca42a682d29b6cfcd00b5",
	"author": "Vitalis Salis",
	"message": "Add function_return_complex snippet",
	"date": {
		"$date": "2019-11-14T18:45:32Z"
	}
}
{
	"_id": {
		"$oid": "64b02a5edb66c7a5db961da5"
	},
	"sha": "cb69cc24676d4c4aab2b69316b6ffa639db07385",
	"author": "Vitalis Salis",
	"message": "Add test snippets for function kwargs",
	"date": {
		"$date": "2019-11-15T10:52:54Z"
	}
}
{
	"_id": {
		"$oid": "64b02a5edb66c7a5db961da6"
	},
	"sha": "f820fbe709cbc8f144c70052d2bf6b9add1cc814",
	"author": "Vitalis Salis",
	"message": "Add readme and fix callgraph for function_call_with_kwargs_chained",
	"date": {
		"$date": "2019-11-15T11:05:15Z"
	}
}
{
	"_id": {
		"$oid": "64b02a5edb66c7a5db961da7"
	},
	"sha": "0734f00e851db9ce32658db9591498ecd8288bc2",
	"author": "Vitalis Salis",
	"message": "Do not create an edge for unknown targets",
	"date": {
		"$date": "2019-11-15T11:05:32Z"
	}
}
{
	"_id": {
		"$oid": "64b02a5edb66c7a5db961da8"
	},
	"sha": "7b3627b9c3c606113b905d0c70fab800cd0d91a5",
	"author": "Vitalis Salis",
	"message": "Add support for function kwargs\n\nIn order to do that a large refactoring was required.",
	"date": {
		"$date": "2019-11-15T18:06:24Z"
	}
}
{
	"_id": {
		"$oid": "64b02a5edb66c7a5db961da9"
	},
	"sha": "57c3c547aeb387c62189fc69007fc1d54fae0262",
	"author": "Vitalis Salis",
	"message": "Fix unit tests",
	"date": {
		"$date": "2019-11-15T18:23:09Z"
	}
}
{
	"_id": {
		"$oid": "64b02a5edb66c7a5db961daa"
	},
	"sha": "5d8d40e36c7c6f3ef257ee826edd5a4388157fc2",
	"author": "Vitalis Salis",
	"message": "Fix bug where the kwargs iteration disturbs the args iteration",
	"date": {
		"$date": "2019-11-16T11:18:24Z"
	}
}
{
	"_id": {
		"$oid": "64b02a5edb66c7a5db961dab"
	},
	"sha": "5e9e95f898fc973f2b21954693f9727069630b63",
	"author": "Vitalis Salis",
	"message": "Remove confusing constants from DefinitionManager",
	"date": {
		"$date": "2019-11-16T12:05:33Z"
	}
}
{
	"_id": {
		"$oid": "64b02a5edb66c7a5db961dac"
	},
	"sha": "52de6ff014a951bb1358ea770537b3416d8fa48b",
	"author": "Vitalis Salis",
	"message": "Add utils submodule with common functions and constants",
	"date": {
		"$date": "2019-11-17T11:00:25Z"
	}
}
{
	"_id": {
		"$oid": "64b02a5edb66c7a5db961dad"
	},
	"sha": "170e5ecd0f7192fb93ceb8babffd1fe81d2aca62",
	"author": "Vitalis Salis",
	"message": "Use the correct function on chained_assignment snippet",
	"date": {
		"$date": "2019-11-17T12:08:49Z"
	}
}
{
	"_id": {
		"$oid": "64b02a5edb66c7a5db961dae"
	},
	"sha": "57483ec69850ec62562fcfe51ddcb94fa04a4b37",
	"author": "Vitalis Salis",
	"message": "Add support for tuple assignment",
	"date": {
		"$date": "2019-11-17T13:09:43Z"
	}
}
{
	"_id": {
		"$oid": "64b02a5edb66c7a5db961daf"
	},
	"sha": "3bdcd72af4831e7568b63b561d8df7306de88057",
	"author": "Vitalis Salis",
	"message": "Add support for direct calls",
	"date": {
		"$date": "2019-11-17T16:22:45Z"
	}
}
{
	"_id": {
		"$oid": "64b02a5edb66c7a5db961db0"
	},
	"sha": "1d26181bda04adfa0550aa830e91b1f629f7c686",
	"author": "Vitalis Salis",
	"message": "Add assigned_function_direct_call and direct_call_with_parameters snippets",
	"date": {
		"$date": "2019-11-17T16:56:55Z"
	}
}
{
	"_id": {
		"$oid": "64b02a5edb66c7a5db961db1"
	},
	"sha": "fcccf26a1cdec434622d6b20dcf5217351fc0aa9",
	"author": "Vitalis Salis",
	"message": "Add processing directory containing processing modules",
	"date": {
		"$date": "2019-11-17T17:06:25Z"
	}
}
{
	"_id": {
		"$oid": "64b02a5edb66c7a5db961db2"
	},
	"sha": "36c8ce837b97da1dc2b65044b518471eb4166f0f",
	"author": "Vitalis Salis",
	"message": "Create the ProcessingBase object",
	"date": {
		"$date": "2019-11-17T17:21:48Z"
	}
}
{
	"_id": {
		"$oid": "64b02a5edb66c7a5db961db3"
	},
	"sha": "0bf4e0a349edd5916f399724e43778e7af4f1604",
	"author": "Vitalis Salis",
	"message": "Handle direct calls with args with PostProcessor\n\nWhile at it, abstract a whole lot of operations to ProcessorBase.",
	"date": {
		"$date": "2019-11-17T19:30:51Z"
	}
}
{
	"_id": {
		"$oid": "64b02a5edb66c7a5db961db4"
	},
	"sha": "2503f0f7cded5c534f74bda1b8cbe15613ea86ce",
	"author": "Vitalis Salis",
	"message": "Restructure the test suite, splitting it into categories",
	"date": {
		"$date": "2019-11-18T10:58:19Z"
	}
}
{
	"_id": {
		"$oid": "64b02a5edb66c7a5db961db5"
	},
	"sha": "4241a74704a7f62f15b9087b889f74b7b47a2a60",
	"author": "Vitalis Salis",
	"message": "Fix lambda's chained_lambda snippet",
	"date": {
		"$date": "2019-11-18T12:06:51Z"
	}
}
{
	"_id": {
		"$oid": "64b02a5edb66c7a5db961db6"
	},
	"sha": "defcf3a980ce86858e6b392c50bc3bc0ca4ce6ea",
	"author": "Vitalis Salis",
	"message": "Add support for complex returns",
	"date": {
		"$date": "2019-11-18T13:18:07Z"
	}
}
{
	"_id": {
		"$oid": "64b02a5edb66c7a5db961db7"
	},
	"sha": "d99419d3c8444ea6dd09f6d1da4a2c7278ad5bbd",
	"author": "Vitalis Salis",
	"message": "Correct name for starred assignment snippet",
	"date": {
		"$date": "2019-11-19T08:55:12Z"
	}
}
{
	"_id": {
		"$oid": "64b02a5edb66c7a5db961db8"
	},
	"sha": "0406376f869fbc83d0e05d89b3bc47c2ccfbd5d9",
	"author": "Vitalis Salis",
	"message": "Add 11 test snippets for classes",
	"date": {
		"$date": "2019-12-02T10:06:19Z"
	}
}
{
	"_id": {
		"$oid": "64b02a5edb66c7a5db961db9"
	},
	"sha": "457ce4e446c4919771062ddc366156b849cc1db5",
	"author": "Vitalis Salis",
	"message": "Add 6 test snippets for MRO",
	"date": {
		"$date": "2019-12-02T11:24:46Z"
	}
}
{
	"_id": {
		"$oid": "64b02a5edb66c7a5db961dba"
	},
	"sha": "02e9de137d4b3a6df41e805a2043497490aff9d1",
	"author": "Vitalis Salis",
	"message": "Add script that automatically creates tests for the test suite",
	"date": {
		"$date": "2019-12-02T12:02:33Z"
	}
}
{
	"_id": {
		"$oid": "64b02a5edb66c7a5db961dbb"
	},
	"sha": "c14b5e77eb4c43ab5807482cad3e08f37b9ea1a5",
	"author": "Vitalis Salis",
	"message": "Delete test files that can be automatically generated",
	"date": {
		"$date": "2019-12-02T12:04:41Z"
	}
}
{
	"_id": {
		"$oid": "64b02a5edb66c7a5db961dbc"
	},
	"sha": "489badebc9c33f9f8ba8e20c0538c92845aaf683",
	"author": "Vitalis Salis",
	"message": "Make create_pytests an executable",
	"date": {
		"$date": "2019-12-02T12:04:54Z"
	}
}
{
	"_id": {
		"$oid": "64b02a5edb66c7a5db961dbd"
	},
	"sha": "bba280d67dd44fd80806b614749aef3f384c18e8",
	"author": "Vitalis Salis",
	"message": "Allow for create_pytests to be called from different dirs too",
	"date": {
		"$date": "2019-12-02T12:08:14Z"
	}
}
{
	"_id": {
		"$oid": "64b02a5edb66c7a5db961dbe"
	},
	"sha": "68fbb4eb7b2d6a6d4aab0e019a4b906ac9dfce0e",
	"author": "Vitalis Salis",
	"message": "Create the test cases before running the tests on the Makefile",
	"date": {
		"$date": "2019-12-02T12:09:09Z"
	}
}
{
	"_id": {
		"$oid": "64b02a5edb66c7a5db961dbf"
	},
	"sha": "411d99abc1382deff67eba1bb71fcc515a6d38a6",
	"author": "Vitalis Salis",
	"message": "Fix ordering on MRO classes",
	"date": {
		"$date": "2019-12-02T14:00:51Z"
	}
}
{
	"_id": {
		"$oid": "64b02a5edb66c7a5db961dc0"
	},
	"sha": "c0089722efd02422ef463e524ad7d16d35ef093b",
	"author": "Vitalis Salis",
	"message": "Make scopes look for classes too",
	"date": {
		"$date": "2019-12-02T15:35:50Z"
	}
}
{
	"_id": {
		"$oid": "64b02a5edb66c7a5db961dc1"
	},
	"sha": "d4abcb696d85f7ff9e16c98178187c30843c5be7",
	"author": "Vitalis Salis",
	"message": "Create definitions for classes on visit_Module",
	"date": {
		"$date": "2019-12-02T15:43:19Z"
	}
}
{
	"_id": {
		"$oid": "64b02a5edb66c7a5db961dc2"
	},
	"sha": "94eaec256f80040d0ec9a256ad2ae057d72f0abd",
	"author": "Vitalis Salis",
	"message": "Handle MRO for classes on preprocessing",
	"date": {
		"$date": "2019-12-02T17:33:26Z"
	}
}
{
	"_id": {
		"$oid": "64b02a5edb66c7a5db961dc3"
	},
	"sha": "5f02bd331f29d66f5fe17d7809996db574b615cc",
	"author": "Vitalis Salis",
	"message": "Add edge to __init__ method of class on initialization",
	"date": {
		"$date": "2019-12-02T17:59:43Z"
	}
}
{
	"_id": {
		"$oid": "64b02a5edb66c7a5db961dc4"
	},
	"sha": "7322bdf367b86ae88563126f407be8f2515debd8",
	"author": "Vitalis Salis",
	"message": "Bind method's first argument to the class the method is defined in",
	"date": {
		"$date": "2019-12-02T18:15:20Z"
	}
}
{
	"_id": {
		"$oid": "64b02a5edb66c7a5db961dc5"
	},
	"sha": "cd68e225fefdd01b235caf28d00deeca76613456",
	"author": "Vitalis Salis",
	"message": "Add minimal support for attributes access",
	"date": {
		"$date": "2019-12-02T20:28:44Z"
	}
}
{
	"_id": {
		"$oid": "64b02a5edb66c7a5db961dc6"
	},
	"sha": "a0a506eb2557fda0ed7b71a27f4251ecc277e8bb",
	"author": "Vitalis Salis",
	"message": "Retrieve attribute name using the MRO",
	"date": {
		"$date": "2019-12-02T21:26:10Z"
	}
}
{
	"_id": {
		"$oid": "64b02a5edb66c7a5db961dc7"
	},
	"sha": "7f4bd1f26543bc54ce54674ba728f5cd7be16e27",
	"author": "Vitalis Salis",
	"message": "Add tests for returns from class methods",
	"date": {
		"$date": "2019-12-05T09:32:59Z"
	}
}
{
	"_id": {
		"$oid": "64b02a5edb66c7a5db961dc8"
	},
	"sha": "581dfc3633f2d9045a354a851d164d6fbf454f7e",
	"author": "Vitalis Salis",
	"message": "Handle assignments on attributes properly",
	"date": {
		"$date": "2019-12-05T09:33:59Z"
	}
}
{
	"_id": {
		"$oid": "64b02a5edb66c7a5db961dc9"
	},
	"sha": "78b07b5d0a8bc5f6a79738b4ce1341aa1b884611",
	"author": "Vitalis Salis",
	"message": "Make decode_node return a list in order to support attribute params",
	"date": {
		"$date": "2019-12-05T09:51:39Z"
	}
}
{
	"_id": {
		"$oid": "64b02a5edb66c7a5db961dca"
	},
	"sha": "2c159efc44a5b594d46c5099c4fd1abea2e0a7bd",
	"author": "Vitalis Salis",
	"message": "Add support for tuple assignment of attributes and regression test",
	"date": {
		"$date": "2019-12-05T10:08:01Z"
	}
}
{
	"_id": {
		"$oid": "64b02a5edb66c7a5db961dcb"
	},
	"sha": "b05320de209e9628609dc6664b54ace1b18eef5f",
	"author": "Vitalis Salis",
	"message": "Add support for class method returns",
	"date": {
		"$date": "2019-12-05T10:41:10Z"
	}
}
{
	"_id": {
		"$oid": "64b02a5edb66c7a5db961dcc"
	},
	"sha": "634f0d0bd7f8a8e67f6c6031dea590cd4d3bf6d9",
	"author": "Vitalis Salis",
	"message": "Add test suite items for decorators",
	"date": {
		"$date": "2019-12-05T12:07:18Z"
	}
}
{
	"_id": {
		"$oid": "64b02a5edb66c7a5db961dcd"
	},
	"sha": "8b4418c3e07a7eacecde0bcfc60bdc540c60398d",
	"author": "Vitalis Salis",
	"message": "Add support for decorators & regression tests",
	"date": {
		"$date": "2019-12-05T16:16:49Z"
	}
}
{
	"_id": {
		"$oid": "64b02a5edb66c7a5db961dce"
	},
	"sha": "be0819b4655b32d37a20d9f63231bc724e269e30",
	"author": "Vitalis Salis",
	"message": "Fix bug where we do not visit function stmts",
	"date": {
		"$date": "2019-12-07T17:39:17Z"
	}
}
{
	"_id": {
		"$oid": "64b02a5edb66c7a5db961dcf"
	},
	"sha": "8482f46d4743f5e4a44bae2c80c0f10186a86919",
	"author": "Vitalis Salis",
	"message": "Do not assign self if method has a staticmethod decorator",
	"date": {
		"$date": "2019-12-07T17:47:21Z"
	}
}
{
	"_id": {
		"$oid": "64b02a5edb66c7a5db961dd0"
	},
	"sha": "d3d1afb980dfe59ff7442fdacb55935e52083ddf",
	"author": "Vitalis Salis",
	"message": "Check whether decorator_list exists before accessing it",
	"date": {
		"$date": "2019-12-07T17:50:43Z"
	}
}
{
	"_id": {
		"$oid": "64b02a5edb66c7a5db961dd1"
	},
	"sha": "c42b0cc21c5874e4c100c743e0e31b573017fcc2",
	"author": "Vitalis Salis",
	"message": "Add test suite items for dictionaries",
	"date": {
		"$date": "2019-12-07T22:25:17Z"
	}
}
{
	"_id": {
		"$oid": "64b02a5edb66c7a5db961dd2"
	},
	"sha": "616b551503b408eafc5dd2e6c73f04eaaa6f425a",
	"author": "Vitalis Salis",
	"message": "Handle non existence of definitions",
	"date": {
		"$date": "2019-12-11T19:48:03Z"
	}
}
{
	"_id": {
		"$oid": "64b02a5edb66c7a5db961dd3"
	},
	"sha": "11f3594a5edfa9efedb33fe909029f51ac403e3c",
	"author": "Vitalis Salis",
	"message": "Add Apache 2.0 licence",
	"date": {
		"$date": "2019-12-11T19:59:52Z"
	}
}
{
	"_id": {
		"$oid": "64b02a5edb66c7a5db961dd4"
	},
	"sha": "7bb3adae591ecf3b544ecadabd206b0741b676e5",
	"author": "Vitalis Salis",
	"message": "Add support for assignments to self attributes and regression tests",
	"date": {
		"$date": "2019-12-12T19:31:16Z"
	}
}
{
	"_id": {
		"$oid": "64b02a5edb66c7a5db961dd5"
	},
	"sha": "1d4e7466bc19198ae85f10a371d4d515eb3e8943",
	"author": "Vitalis Salis",
	"message": "Add support for package inputs and fix various bugs",
	"date": {
		"$date": "2019-12-14T16:22:10Z"
	}
}
{
	"_id": {
		"$oid": "64b02a5edb66c7a5db961dd6"
	},
	"sha": "ab144467de681d06846148dd2a44760a260991f1",
	"author": "Vitalis Salis",
	"message": "Handle function args that are calls and regression test",
	"date": {
		"$date": "2019-12-16T10:05:53Z"
	}
}
{
	"_id": {
		"$oid": "64b02a5edb66c7a5db961dd7"
	},
	"sha": "a8b1ab5868eed9162ebd99bf5897377ef6e09341",
	"author": "Vitalis Salis",
	"message": "Handle module attribute accesses and add regression tests",
	"date": {
		"$date": "2019-12-16T11:13:37Z"
	}
}
{
	"_id": {
		"$oid": "64b02a5edb66c7a5db961dd8"
	},
	"sha": "878466037c9bf913f26c0bf87e152de72d1a5f42",
	"author": "Vitalis Salis",
	"message": "Fix isssue with nested class initializations and regression test",
	"date": {
		"$date": "2019-12-16T13:15:03Z"
	}
}
{
	"_id": {
		"$oid": "64b02a5edb66c7a5db961dd9"
	},
	"sha": "1c6e251170b6c956ca18f01d202f4939c5b73618",
	"author": "Vitalis Salis",
	"message": "Allow for base classes to call functions defined by their children",
	"date": {
		"$date": "2019-12-16T13:45:29Z"
	}
}
{
	"_id": {
		"$oid": "64b02a5edb66c7a5db961dda"
	},
	"sha": "30235bc8a349cbed6d539e6230a523625fdb54c0",
	"author": "Vitalis Salis",
	"message": "General error checking",
	"date": {
		"$date": "2019-12-16T16:54:23Z"
	}
}
{
	"_id": {
		"$oid": "64b02a5edb66c7a5db961ddb"
	},
	"sha": "c0b4db57ad14523d62d8b3c5d4065e4021c3474c",
	"author": "Vitalis Salis",
	"message": "Handle attributes as base classes and regression test",
	"date": {
		"$date": "2019-12-16T18:47:23Z"
	}
}
{
	"_id": {
		"$oid": "64b02a5edb66c7a5db961ddc"
	},
	"sha": "866eeb54cb6ccf7b9658bf586e7997f521afa5c9",
	"author": "Vitalis Salis",
	"message": "Add test suite items for exceptions",
	"date": {
		"$date": "2019-12-16T18:47:42Z"
	}
}
{
	"_id": {
		"$oid": "64b02a5edb66c7a5db961ddd"
	},
	"sha": "ce12fe5a86b660d196eb9f73585d779e2cb905db",
	"author": "Vitalis Salis",
	"message": "Check if a node has been visited on DFS",
	"date": {
		"$date": "2019-12-23T14:41:34Z"
	}
}
{
	"_id": {
		"$oid": "64b02a5edb66c7a5db961dde"
	},
	"sha": "6927c794a4d878b84db7d2172cc3e19dc16fcc8b",
	"author": "Vitalis Salis",
	"message": "Fix bug regarding __init__ file imports and regression test",
	"date": {
		"$date": "2019-12-23T14:41:51Z"
	}
}
{
	"_id": {
		"$oid": "64b02a5edb66c7a5db961ddf"
	},
	"sha": "bd8a705148e29700fc6a21d709e9d74887c5072f",
	"author": "Vitalis Salis",
	"message": "Add setup.py script",
	"date": {
		"$date": "2019-12-23T15:51:20Z"
	}
}
{
	"_id": {
		"$oid": "64b02a5edb66c7a5db961de0"
	},
	"sha": "3dfa81eb594737ef808cf4aa6761eda4992a40d7",
	"author": "Vitalis Salis",
	"message": "Add simple README.md",
	"date": {
		"$date": "2019-12-23T16:07:27Z"
	}
}
{
	"_id": {
		"$oid": "64b02a5edb66c7a5db961de1"
	},
	"sha": "bcc3d82b697307cfd01f0fddab6cb35a394d9186",
	"author": "Vitalis Salis",
	"message": "Specify Python 3 support",
	"date": {
		"$date": "2019-12-24T08:39:44Z"
	}
}
{
	"_id": {
		"$oid": "64b02a5edb66c7a5db961de2"
	},
	"sha": "d956d15fc5eb5ae9f5efabccb98db51d5dd87363",
	"author": "Vitalis Salis",
	"message": "Make processing functionality consistent",
	"date": {
		"$date": "2019-12-24T09:48:52Z"
	}
}
{
	"_id": {
		"$oid": "64b02a5edb66c7a5db961de3"
	},
	"sha": "15d9d7a9ea294a8fc3d7ad47124d8a83cb3ed44e",
	"author": "Vitalis Salis",
	"message": "Allow for multiple files to be passed as input",
	"date": {
		"$date": "2020-01-12T14:18:02Z"
	}
}
{
	"_id": {
		"$oid": "64b02a5edb66c7a5db961de4"
	},
	"sha": "3a4d05f19dbc40d68927e798699764850d84e280",
	"author": "Vitalis Salis",
	"message": "Add switch that asks the generator to try to produce complete cgs",
	"date": {
		"$date": "2020-01-12T14:41:34Z"
	}
}
{
	"_id": {
		"$oid": "64b02a5edb66c7a5db961de5"
	},
	"sha": "dff680d582f9837e54d12a9f5d08763a06b1067b",
	"author": "Vitalis Salis",
	"message": "Add support for non assigned external modules",
	"date": {
		"$date": "2020-01-12T16:42:09Z"
	}
}
{
	"_id": {
		"$oid": "64b02a5edb66c7a5db961de6"
	},
	"sha": "e0417bd5f15329ab99132e4d59a1e1a71d233b9c",
	"author": "Vitalis Salis",
	"message": "Add package argument and do some error checking",
	"date": {
		"$date": "2020-01-13T12:29:12Z"
	}
}
{
	"_id": {
		"$oid": "64b02a5edb66c7a5db961de7"
	},
	"sha": "c3269e41ffa90eee6d493525016e3069e23c59de",
	"author": "Vitalis Salis",
	"message": "Fix tests",
	"date": {
		"$date": "2020-01-16T09:54:53Z"
	}
}
{
	"_id": {
		"$oid": "64b02a5edb66c7a5db961de8"
	},
	"sha": "bf36830cee4bfea219056a23bdd6cce14e658d0f",
	"author": "Vitalis Salis",
	"message": "Improve test cases as per stefanos' suggestions",
	"date": {
		"$date": "2020-01-16T09:55:21Z"
	}
}
{
	"_id": {
		"$oid": "64b02a5edb66c7a5db961de9"
	},
	"sha": "182718d813bdec56cccfd76be8f3c77a8cd8ee20",
	"author": "Vitalis Salis",
	"message": "Remove debugging conditions",
	"date": {
		"$date": "2020-01-16T09:57:20Z"
	}
}
{
	"_id": {
		"$oid": "64b02a5edb66c7a5db961dea"
	},
	"sha": "bd479e0aaefb14c4bc31fe1cd94a1c2596e90c57",
	"author": "Vitalis Salis",
	"message": "Add support for nested lambdas",
	"date": {
		"$date": "2020-01-23T18:49:07Z"
	}
}
{
	"_id": {
		"$oid": "64b02a5edb66c7a5db961deb"
	},
	"sha": "a73685cdd8c43de5b547c2101be27e2cbb645beb",
	"author": "Vitalis Salis",
	"message": "Add support for builtins",
	"date": {
		"$date": "2020-01-26T11:57:58Z"
	}
}
{
	"_id": {
		"$oid": "64b02a5edb66c7a5db961dec"
	},
	"sha": "7b71aecf8cd3111b1780cd5379113a9ea28e4067",
	"author": "Vitalis Salis",
	"message": "Add test suite items for builtin functions of types",
	"date": {
		"$date": "2020-01-26T12:13:37Z"
	}
}
{
	"_id": {
		"$oid": "64b02a5edb66c7a5db961ded"
	},
	"sha": "5171664c20b13a1a129389ce668cc9d967e0dc9b",
	"author": "Vitalis Salis",
	"message": "Fix bug with as names on imported externals",
	"date": {
		"$date": "2020-01-26T12:35:31Z"
	}
}
{
	"_id": {
		"$oid": "64b02a5edb66c7a5db961dee"
	},
	"sha": "653b586384f6c102d4772b08dfd8db1c42229540",
	"author": "Vitalis Salis",
	"message": "Add list comprehension test case",
	"date": {
		"$date": "2020-01-27T09:51:55Z"
	}
}
{
	"_id": {
		"$oid": "64b02a5edb66c7a5db961def"
	},
	"sha": "7856f3f3a470eecec2f5bc1390b6fb9263aa9759",
	"author": "Vitalis Salis",
	"message": "Add test suite items for generators",
	"date": {
		"$date": "2020-01-27T09:59:21Z"
	}
}
{
	"_id": {
		"$oid": "64b02a5edb66c7a5db961df0"
	},
	"sha": "be748afe34f8aec0f450e3e6cf6fb602fd447054",
	"author": "Vitalis Salis",
	"message": "Add test case for eval",
	"date": {
		"$date": "2020-03-05T10:52:26Z"
	}
}
{
	"_id": {
		"$oid": "64b02a5edb66c7a5db961df1"
	},
	"sha": "bba68b46d2b7409fb915b0194a963b28ee82f7df",
	"author": "Vitalis Salis",
	"message": "Remove --try-complete cli arg",
	"date": {
		"$date": "2020-03-25T13:06:42Z"
	}
}
{
	"_id": {
		"$oid": "64b02a5edb66c7a5db961df2"
	},
	"sha": "a4e5113f7accb5dec7533c063687604f80ac260c",
	"author": "Vitalis Salis",
	"message": "Add --fasten cli arg",
	"date": {
		"$date": "2020-03-25T13:12:09Z"
	}
}
{
	"_id": {
		"$oid": "64b02a5edb66c7a5db961df3"
	},
	"sha": "0cb308cdc4161986d618f9701a60691e8ec9dc56",
	"author": "Vitalis Salis",
	"message": "Add command line arguments for forge, product, version and timestamp",
	"date": {
		"$date": "2020-03-25T13:16:02Z"
	}
}
{
	"_id": {
		"$oid": "64b02a5edb66c7a5db961df4"
	},
	"sha": "09febcb055cfc6aa184ec816355ee3a4f4e71710",
	"author": "Vitalis Salis",
	"message": "Add basic support for fasten format",
	"date": {
		"$date": "2020-03-27T12:07:34Z"
	}
}
{
	"_id": {
		"$oid": "64b02a5edb66c7a5db961df5"
	},
	"sha": "f3efb47f4b8cfa8c1e50088089a9d55de356678f",
	"author": "Vitalis Salis",
	"message": "Fix tests",
	"date": {
		"$date": "2020-03-27T13:05:43Z"
	}
}
{
	"_id": {
		"$oid": "64b02a5edb66c7a5db961df6"
	},
	"sha": "6baff48ec544f4aaee86d979b832cdee28ea37ad",
	"author": "Vitalis Salis",
	"message": "Handle __init__ files properly and add regression test",
	"date": {
		"$date": "2020-03-27T13:26:46Z"
	}
}
{
	"_id": {
		"$oid": "64b02a5edb66c7a5db961df7"
	},
	"sha": "4e665161d838bd974363edb1ba7df26dcb56d141",
	"author": "Vitalis Salis",
	"message": "Handle __init__ files being passed as cli args",
	"date": {
		"$date": "2020-03-27T14:01:14Z"
	}
}
{
	"_id": {
		"$oid": "64b02a5edb66c7a5db961df8"
	},
	"sha": "9d4064af755e0ce1aa35400677668d5b31d74f7d",
	"author": "Vitalis Salis",
	"message": "Add code that parses requirements files",
	"date": {
		"$date": "2020-03-27T18:33:29Z"
	}
}
{
	"_id": {
		"$oid": "64b02a5edb66c7a5db961df9"
	},
	"sha": "770a32d1a09bf6df74cbf5909af17abcc4ae8c54",
	"author": "Vitalis Salis",
	"message": "Minor fix on algorithm",
	"date": {
		"$date": "2020-03-27T18:39:11Z"
	}
}
{
	"_id": {
		"$oid": "64b02a5edb66c7a5db961dfa"
	},
	"sha": "4b4514655412cd6a98e86bdd67651f009b920254",
	"author": "Vitalis Salis",
	"message": "Move fasten specific calls to separate module",
	"date": {
		"$date": "2020-03-28T10:00:44Z"
	}
}
{
	"_id": {
		"$oid": "64b02a5edb66c7a5db961dfb"
	},
	"sha": "5263f318c476bc113c3a55b91169465ec597bc9b",
	"author": "Vitalis Salis",
	"message": "Basis for module hierarchy",
	"date": {
		"$date": "2020-03-28T10:07:12Z"
	}
}
{
	"_id": {
		"$oid": "64b02a5edb66c7a5db961dfc"
	},
	"sha": "e341a6b179f9a4737949841be522c3e91f166510",
	"author": "Vitalis Salis",
	"message": "Add support for FASTEN format, different formatters and modules manager",
	"date": {
		"$date": "2020-03-28T15:53:59Z"
	}
}
{
	"_id": {
		"$oid": "64b02a5edb66c7a5db961dfd"
	},
	"sha": "d708c8b121f29afbcb31dc419495954fcb6248d9",
	"author": "Vitalis Salis",
	"message": "Add output cli argument",
	"date": {
		"$date": "2020-03-28T16:03:00Z"
	}
}
{
	"_id": {
		"$oid": "64b02a5edb66c7a5db961dfe"
	},
	"sha": "b3b13f38c7511211838746255430e5ade0aa1769",
	"author": "Vitalis Salis",
	"message": "Provide relative paths for filenames",
	"date": {
		"$date": "2020-03-28T16:03:36Z"
	}
}
{
	"_id": {
		"$oid": "64b02a5edb66c7a5db961dff"
	},
	"sha": "f47c084590af6f27dffe5a95f93c164383093136",
	"author": "Vitalis Salis",
	"message": "FASTEN format: methods -> namespaces",
	"date": {
		"$date": "2020-03-31T11:34:11Z"
	}
}
{
	"_id": {
		"$oid": "64b02a5edb66c7a5db961e00"
	},
	"sha": "152c8789e84b03ab7d6e18c70be19cf85861e632",
	"author": "Vitalis Salis",
	"message": "FASTEN format: Seperate graph calls to internal and external",
	"date": {
		"$date": "2020-03-31T11:38:28Z"
	}
}
{
	"_id": {
		"$oid": "64b02a5edb66c7a5db961e01"
	},
	"sha": "d04eedf0afc443bd4551de49e6b1aec063461ba8",
	"author": "Vitalis Salis",
	"message": "Handle builtin and external module calls in the same way",
	"date": {
		"$date": "2020-04-04T12:41:43Z"
	}
}
{
	"_id": {
		"$oid": "64b02a5edb66c7a5db961e02"
	},
	"sha": "2bd80291daa7eefaf8e60ff442157001a44610db",
	"author": "Vitalis Salis",
	"message": "FASTEN format: Remove <external> and <builtin> modnames",
	"date": {
		"$date": "2020-04-04T12:42:14Z"
	}
}
{
	"_id": {
		"$oid": "64b02a5edb66c7a5db961e03"
	},
	"sha": "c2a5aa2eeefa4455340e206251e38ebf02e78032",
	"author": "Vitalis Salis",
	"message": "More on removing external tags",
	"date": {
		"$date": "2020-04-04T12:49:30Z"
	}
}
{
	"_id": {
		"$oid": "64b02a5edb66c7a5db961e04"
	},
	"sha": "d7645b0959c21eb9c38798327bcbcfc3f4e96652",
	"author": "Vitalis Salis",
	"message": "FASTEN format: Add () suffix for functions",
	"date": {
		"$date": "2020-04-04T13:18:09Z"
	}
}
{
	"_id": {
		"$oid": "64b02a5edb66c7a5db961e05"
	},
	"sha": "b9b0fa45929d66f49dbd0fb52e4cffa3d47b9653",
	"author": "Vitalis Salis",
	"message": "FASTEN format: Add unit tests",
	"date": {
		"$date": "2020-04-04T16:44:16Z"
	}
}
{
	"_id": {
		"$oid": "64b02a5edb66c7a5db961e06"
	},
	"sha": "047fab17f520cd3ca95e83ac40954f7c16a71eef",
	"author": "Vitalis Salis",
	"message": "FASTEN format: make namespaces a map of ids to namespaces",
	"date": {
		"$date": "2020-04-06T11:13:50Z"
	}
}
{
	"_id": {
		"$oid": "64b02a5edb66c7a5db961e07"
	},
	"sha": "7aaddf6d3d6ea80279fd57f3a985b5adce7d87e3",
	"author": "Vitalis Salis",
	"message": "FASTEN format: Add generator key to output",
	"date": {
		"$date": "2020-04-06T11:16:10Z"
	}
}
{
	"_id": {
		"$oid": "64b02a5edb66c7a5db961e08"
	},
	"sha": "2a04425cbce259052869b2231fac26497df27d8e",
	"author": "Vitalis Salis",
	"message": "FASTEN format: Make classHierarchy a separate key and update tests",
	"date": {
		"$date": "2020-04-06T12:02:09Z"
	}
}
{
	"_id": {
		"$oid": "64b02a5edb66c7a5db961e09"
	},
	"sha": "955515ce72b99ca14deb1d900bc662ae1d558a90",
	"author": "Vitalis Salis",
	"message": "FASTEN format: Make classHierarchy key use the unique identifiers",
	"date": {
		"$date": "2020-04-06T12:19:53Z"
	}
}
{
	"_id": {
		"$oid": "64b02a5edb66c7a5db961e0a"
	},
	"sha": "434ec9a04a48137fea90a3987f6fca6d40d32651",
	"author": "Vitalis Salis",
	"message": "FASTEN format: classHierarchy to cha",
	"date": {
		"$date": "2020-04-06T14:34:31Z"
	}
}
{
	"_id": {
		"$oid": "64b02a5edb66c7a5db961e0b"
	},
	"sha": "412c08efe7d77a9b4c312d2d13bcf086346c803d",
	"author": "Vitalis Salis",
	"message": "Remove fancy formatting since it produces errors on some platforms",
	"date": {
		"$date": "2020-04-14T16:54:28Z"
	}
}
{
	"_id": {
		"$oid": "64b02a5edb66c7a5db961e0c"
	},
	"sha": "fdfd2223bfbc39142f219f19e38280a6e9c50625",
	"author": "Vitalis Salis",
	"message": "Check for __file__ attribute existence on modules",
	"date": {
		"$date": "2020-04-14T17:45:49Z"
	}
}
{
	"_id": {
		"$oid": "64b02a5edb66c7a5db961e0d"
	},
	"sha": "c9963b67a97f9106eed37061b5b9871dd6ad3c36",
	"author": "Vitalis Salis",
	"message": "Fix bug on simple format",
	"date": {
		"$date": "2020-04-30T12:32:21Z"
	}
}
{
	"_id": {
		"$oid": "64b02a5edb66c7a5db961e0e"
	},
	"sha": "6955bfc74492688bae71a9a25b639e04a0824d89",
	"author": "Vitalis Salis",
	"message": "Remove --try-complete cli argument",
	"date": {
		"$date": "2020-05-06T17:01:20Z"
	}
}
{
	"_id": {
		"$oid": "64b02a5edb66c7a5db961e0f"
	},
	"sha": "dfc6774b00d3c5aa2f1a75e83d7df195cdca60e9",
	"author": "Vitalis Salis",
	"message": "More informative README",
	"date": {
		"$date": "2020-05-06T17:01:30Z"
	}
}
{
	"_id": {
		"$oid": "64b02a5edb66c7a5db961e10"
	},
	"sha": "8701d60776d00146a5b198e70ba86974848ced2d",
	"author": "Vitalis Salis",
	"message": "Fix typos on README",
	"date": {
		"$date": "2020-05-06T17:04:55Z"
	}
}
{
	"_id": {
		"$oid": "64b02a5edb66c7a5db961e11"
	},
	"sha": "aa074185d1eae37200b9b6f0cbcf806cba5cd92d",
	"author": "Vitalis Salis",
	"message": "Rename test_suite to benchmark",
	"date": {
		"$date": "2020-05-06T17:12:36Z"
	}
}
{
	"_id": {
		"$oid": "64b02a5edb66c7a5db961e12"
	},
	"sha": "c1b4531aca8d5dbf26fe3b8bea2ddfe63f368f06",
	"author": "Vitalis Salis",
	"message": "Add information about the output on README",
	"date": {
		"$date": "2020-05-07T11:56:23Z"
	}
}
{
	"_id": {
		"$oid": "64b02a5edb66c7a5db961e13"
	},
	"sha": "3c33a795186310e482cd05a8a51b8cea737cdfd0",
	"author": "Vitalis Salis",
	"message": "Create a function to be used for each iteration",
	"date": {
		"$date": "2020-05-31T13:33:01Z"
	}
}
{
	"_id": {
		"$oid": "64b02a5edb66c7a5db961e14"
	},
	"sha": "426f20bf733c3fcbc69444a4c88e484c286551cc",
	"author": "Vitalis Salis",
	"message": "Fix exception benchmarks call graphs",
	"date": {
		"$date": "2020-05-31T15:10:22Z"
	}
}
{
	"_id": {
		"$oid": "64b02a5edb66c7a5db961e15"
	},
	"sha": "9b4e56042cc8201ee05809693f320b2a348b0571",
	"author": "Vitalis Salis",
	"message": "Add support for exceptions",
	"date": {
		"$date": "2020-05-31T15:10:32Z"
	}
}
{
	"_id": {
		"$oid": "64b02a5edb66c7a5db961e16"
	},
	"sha": "3b6feb585c07d4956205b9cba83c8165a40afefa",
	"author": "Vitalis Salis",
	"message": "Add 6 more benchmarks for dictionaries",
	"date": {
		"$date": "2020-06-01T14:24:59Z"
	}
}
{
	"_id": {
		"$oid": "64b02a5edb66c7a5db961e17"
	},
	"sha": "04b391da4fa8c71a577da4e9eafd0436dfc89b23",
	"author": "Vitalis Salis",
	"message": "Add support for dictionaries\n\n- They work with context counters since they're unnamed objects, similar\nto lambdas.\n- We now keep literal values assigned to variables as they can serve as\nkeys.\n- Nested dictionaries are supported",
	"date": {
		"$date": "2020-06-01T14:25:42Z"
	}
}
{
	"_id": {
		"$oid": "64b02a5edb66c7a5db961e18"
	},
	"sha": "489afb66a5421d0557027ae615fc7fd1750ba9ea",
	"author": "Vitalis Salis",
	"message": "Move lists test to the proper directory",
	"date": {
		"$date": "2020-06-01T14:43:59Z"
	}
}
{
	"_id": {
		"$oid": "64b02a5edb66c7a5db961e19"
	},
	"sha": "e3e34e4857269a19ce8b5dfed94a6fb589b24db0",
	"author": "Vitalis Salis",
	"message": "Add 4 more test cases for lists",
	"date": {
		"$date": "2020-06-01T15:06:23Z"
	}
}
{
	"_id": {
		"$oid": "64b02a5edb66c7a5db961e1a"
	},
	"sha": "65cfc37458b84758c99cfb4a4895a2634893168f",
	"author": "Vitalis Salis",
	"message": "Fix incorrect test call graph",
	"date": {
		"$date": "2020-06-01T15:56:45Z"
	}
}
{
	"_id": {
		"$oid": "64b02a5edb66c7a5db961e1b"
	},
	"sha": "4d64c847ff2e624a1463c4c1e868c5ee4c56df88",
	"author": "Vitalis Salis",
	"message": "Add support for lists\n\nThey work in a very similar fashion as dictionaries.",
	"date": {
		"$date": "2020-06-01T15:57:01Z"
	}
}
{
	"_id": {
		"$oid": "64b02a5edb66c7a5db961e1c"
	},
	"sha": "a088d0ef67296c6f2d39450cc9c9a9e6bb0c270f",
	"author": "Vitalis Salis",
	"message": "Add more comprehensions tests",
	"date": {
		"$date": "2020-06-01T16:47:25Z"
	}
}
{
	"_id": {
		"$oid": "64b02a5edb66c7a5db961e1d"
	},
	"sha": "7a83d9dc2eb80cb140fbabf8f4c550e8cbd4cf06",
	"author": "Vitalis Salis",
	"message": "Check whether a definition exists before using it",
	"date": {
		"$date": "2020-06-02T08:06:55Z"
	}
}
{
	"_id": {
		"$oid": "64b02a5edb66c7a5db961e1e"
	},
	"sha": "0ace3b92c71e7849a4e378c66ec69dbdbc1aba87",
	"author": "Vitalis Salis",
	"message": "Add method name stack and regression test\n\nWe use that to resolve calls made from inside of structures such as\ndictionaries and lists.",
	"date": {
		"$date": "2020-06-02T08:11:49Z"
	}
}
{
	"_id": {
		"$oid": "64b02a5edb66c7a5db961e1f"
	},
	"sha": "214ce7a8eb716080d58aedb6726d6c4e45e66457",
	"author": "Vitalis Salis",
	"message": "Visit the exception being raised",
	"date": {
		"$date": "2020-06-02T08:42:18Z"
	}
}
{
	"_id": {
		"$oid": "64b02a5edb66c7a5db961e20"
	},
	"sha": "70d3d4c2ed5f7d8e868725d78810d9c36451c852",
	"author": "Vitalis Salis",
	"message": "Add 4 new snippets for generators",
	"date": {
		"$date": "2020-06-02T11:19:00Z"
	}
}
{
	"_id": {
		"$oid": "64b02a5edb66c7a5db961e21"
	},
	"sha": "a970e0f42b644e63c599b5a8b58347b929369f37",
	"author": "Vitalis Salis",
	"message": "Add support for generators",
	"date": {
		"$date": "2020-06-02T11:19:41Z"
	}
}
{
	"_id": {
		"$oid": "64b02a5edb66c7a5db961e22"
	},
	"sha": "204749d9c080c02e95f358a302bd0f70e46e3631",
	"author": "Vitalis Salis",
	"message": "Fix minor issues",
	"date": {
		"$date": "2020-06-02T11:50:26Z"
	}
}
{
	"_id": {
		"$oid": "64b02a5edb66c7a5db961e23"
	},
	"sha": "91d7027a4921f28b750dbc5baf0f1cb08dfd11d4",
	"author": "Vitalis Salis",
	"message": "Fix bug on imports",
	"date": {
		"$date": "2020-06-02T18:28:01Z"
	}
}
{
	"_id": {
		"$oid": "64b02a5edb66c7a5db961e24"
	},
	"sha": "0e72742fc8b6f4317fa3f6bd2a024ef89cf9a2f8",
	"author": "Vitalis Salis",
	"message": "Add starting line numbers for namespaces",
	"date": {
		"$date": "2020-07-23T11:12:19Z"
	}
}
{
	"_id": {
		"$oid": "64b02a5edb66c7a5db961e25"
	},
	"sha": "309b7c5fbd75df20d3ffaeb637b7a9346e4a976d",
	"author": "Vitalis Salis",
	"message": "Check whether a requirement line is empty",
	"date": {
		"$date": "2020-07-27T13:16:46Z"
	}
}
{
	"_id": {
		"$oid": "64b02a5edb66c7a5db961e26"
	},
	"sha": "933d7fb10681e7d50d0543a4d0d1dd3ae424cfcb",
	"author": "Vitalis Salis",
	"message": "Add support for last lines",
	"date": {
		"$date": "2020-07-28T12:51:35Z"
	}
}
{
	"_id": {
		"$oid": "64b02a5edb66c7a5db961e27"
	},
	"sha": "c03421485688f5abcb237b5d2617f5573900b91d",
	"author": "Vitalis Salis",
	"message": "Some error handling",
	"date": {
		"$date": "2020-07-29T12:22:52Z"
	}
}
{
	"_id": {
		"$oid": "64b02a5edb66c7a5db961e28"
	},
	"sha": "a2f6ac01cc09fc9ed763d5133b75b45e55bbf22b",
	"author": "Vitalis Salis",
	"message": "More error handling",
	"date": {
		"$date": "2020-07-29T14:26:12Z"
	}
}
{
	"_id": {
		"$oid": "64b02a5edb66c7a5db961e29"
	},
	"sha": "f5ef6921f8609ae2239942f5d65ef777318fbdfa",
	"author": "Vitalis Salis",
	"message": "Cleanup and update README\n\n- Functional tests moved to another repository\n- Add information about ICSE publication on README\n- Cleanup and refactor codebase",
	"date": {
		"$date": "2021-01-12T12:00:57Z"
	}
}
{
	"_id": {
		"$oid": "64b02a5edb66c7a5db961e2a"
	},
	"sha": "d4235f98c48d0701fa979324942a848964154662",
	"author": "Vitalis Salis",
	"message": "Fix bug regarding imports on some systems\n\nOn some systems (e.g. linux-mint) pycg crashes due to the loading of\nfiles triggering an import (weird). A temporary fix is to install\nimport hooks after the reading of files is done.",
	"date": {
		"$date": "2021-01-21T20:09:16Z"
	}
}
{
	"_id": {
		"$oid": "64b02a5edb66c7a5db961e2b"
	},
	"sha": "5a1ab8e144d15bdde1a078eeaa114e8483299a9b",
	"author": "Vitalis Salis",
	"message": "Remove dynamic parts from preprocessor",
	"date": {
		"$date": "2021-02-04T10:47:15Z"
	}
}
{
	"_id": {
		"$oid": "64b02a5edb66c7a5db961e2c"
	},
	"sha": "269d249b7bc06822009a3ee00ffaf52380ae78b3",
	"author": "Vitalis Salis",
	"message": "Fix bug on calling a child function",
	"date": {
		"$date": "2021-02-28T14:30:33Z"
	}
}
{
	"_id": {
		"$oid": "64b02a5edb66c7a5db961e2d"
	},
	"sha": "fc9cf7fdc1341b506d25300c288d168a9bef1925",
	"author": "Vitalis Salis",
	"message": "Add citation info",
	"date": {
		"$date": "2021-02-28T14:33:59Z"
	}
}
{
	"_id": {
		"$oid": "64b02a5edb66c7a5db961e2e"
	},
	"sha": "aa6f6884cf1c281ab75a59d0ac9539494d8691e8",
	"author": "Vitalis Salis",
	"message": "Add support for async function definitions",
	"date": {
		"$date": "2021-03-13T11:01:32Z"
	}
}
{
	"_id": {
		"$oid": "64b02a5edb66c7a5db961e2f"
	},
	"sha": "3012105e7cd425c5d0ecb3dad7246a02f6065974",
	"author": "Vitalis Salis",
	"message": "Add --max-iter command line argument",
	"date": {
		"$date": "2021-03-24T10:14:21Z"
	}
}
{
	"_id": {
		"$oid": "64b02a5edb66c7a5db961e30"
	},
	"sha": "3b37b54f0ba86eb272c5fb70b0d0a3cfccc85986",
	"author": "Vitalis Salis",
	"message": "Re-add micro-benchmark",
	"date": {
		"$date": "2021-03-28T12:32:10Z"
	}
}
{
	"_id": {
		"$oid": "64b02a5edb66c7a5db961e31"
	},
	"sha": "2c67b4b082c3c2a6e47424bca71de0f0986f9db0",
	"author": "Vitalis Salis",
	"message": "Improve support for externally defined functions\n\n* Add 6 micro-benchmark tests for externally defined functions\n* Add edges for functions defined in the class hierarchy of an external\nmodule (might lead to imprecision).",
	"date": {
		"$date": "2021-03-28T16:20:04Z"
	}
}
{
	"_id": {
		"$oid": "64b02a5edb66c7a5db961e32"
	},
	"sha": "7cbe0a1a671c7103393bf07dc61d21e8c9cc0c8c",
	"author": "Vitalis Salis",
	"message": "Add external class hierarchy items under the external module namespace",
	"date": {
		"$date": "2021-03-28T17:47:33Z"
	}
}
{
	"_id": {
		"$oid": "64b02a5edb66c7a5db961e33"
	},
	"sha": "44a07c3d10d80fc97e3f27d37033b1c3bac07bf7",
	"author": "Vitalis Salis",
	"message": "Module names should not contain hyphens",
	"date": {
		"$date": "2021-03-30T13:43:47Z"
	}
}
{
	"_id": {
		"$oid": "64b02a5edb66c7a5db961e34"
	},
	"sha": "c2d43fc8e293f97d928119785cb41b4a4b3d35af",
	"author": "Vitalis Salis",
	"message": "Add support for outputting the assignment graph",
	"date": {
		"$date": "2021-05-26T11:03:38Z"
	}
}
{
	"_id": {
		"$oid": "64b02a5edb66c7a5db961e35"
	},
	"sha": "8e347680830bda3617a701238e44cb006fc7f378",
	"author": "Vitalis Salis",
	"message": "Add as_graph format",
	"date": {
		"$date": "2021-05-26T12:27:39Z"
	}
}
{
	"_id": {
		"$oid": "64b02a5edb66c7a5db961e36"
	},
	"sha": "50c25a500b9bf6af943f30ba9ab3abd2a68813ed",
	"author": "Tomas Pytel",
	"message": "Update README.md\n\nFix typo",
	"date": {
		"$date": "2021-06-04T07:44:21Z"
	}
}
{
	"_id": {
		"$oid": "64b02a5edb66c7a5db961e37"
	},
	"sha": "89c7946b3f60561d590780c808457c6a39ccb427",
	"author": "Vitalis Salis",
	"message": "Merge pull request #5 from Pytlicek/patch-1\n\nUpdate README.md",
	"date": {
		"$date": "2021-06-04T10:51:35Z"
	}
}
{
	"_id": {
		"$oid": "64b02a5edb66c7a5db961e38"
	},
	"sha": "c59b50de0e6abf2f53a03bb8f68e49cb695c502e",
	"author": "Vitalis Salis",
	"message": "Add prototype for key error identification",
	"date": {
		"$date": "2021-06-25T09:46:07Z"
	}
}
{
	"_id": {
		"$oid": "64b02a5edb66c7a5db961e39"
	},
	"sha": "7c878850de460faa580ba45b05e8c6d8cf2a9409",
	"author": "Vitalis Salis",
	"message": "Create a dedicated class for key errors and store them there",
	"date": {
		"$date": "2021-06-25T09:46:07Z"
	}
}
{
	"_id": {
		"$oid": "64b02a5edb66c7a5db961e3a"
	},
	"sha": "a882bb1de8801e2d65dee3f4cfa5978033abe140",
	"author": "Vitalis Salis",
	"message": "Add support for identifier slices",
	"date": {
		"$date": "2021-06-25T09:46:07Z"
	}
}
{
	"_id": {
		"$oid": "64b02a5edb66c7a5db961e3b"
	},
	"sha": "f5d3aa0e5587609d0d10d93620477a550b5c6467",
	"author": "Vitalis Salis",
	"message": "Initialize micro benchmark for key errors",
	"date": {
		"$date": "2021-06-25T09:46:07Z"
	}
}
{
	"_id": {
		"$oid": "64b02a5edb66c7a5db961e3c"
	},
	"sha": "6e42b97dafc4b1237c4d1f06fcc81a6e7dd54148",
	"author": "Vitalis Salis",
	"message": "Fix bug on non const literals",
	"date": {
		"$date": "2021-06-25T09:46:07Z"
	}
}
{
	"_id": {
		"$oid": "64b02a5edb66c7a5db961e3d"
	},
	"sha": "fddcf0bfcda31033e308e4f376270f5813d21be9",
	"author": "Vitalis Salis",
	"message": "Visit the slice and value of the subscript before continuing with key err processing",
	"date": {
		"$date": "2021-06-25T09:46:07Z"
	}
}
{
	"_id": {
		"$oid": "64b02a5edb66c7a5db961e3e"
	},
	"sha": "8a466399cab3d417328c86249f5290227369b770",
	"author": "Vitalis Salis",
	"message": "Add new key error micro benchmark items",
	"date": {
		"$date": "2021-06-25T09:46:07Z"
	}
}
{
	"_id": {
		"$oid": "64b02a5edb66c7a5db961e3f"
	},
	"sha": "0aeec90bb7998327465a6714bc42e53500b1c01c",
	"author": "Vitalis Salis",
	"message": "Makefile test rule points to unit tests",
	"date": {
		"$date": "2021-06-25T09:46:07Z"
	}
}
{
	"_id": {
		"$oid": "64b02a5edb66c7a5db961e40"
	},
	"sha": "856bb2fbdbbb492e164b72b301d942a72dd633fd",
	"author": "Vitalis Salis",
	"message": "Update usage on README",
	"date": {
		"$date": "2021-06-25T09:50:59Z"
	}
}
{
	"_id": {
		"$oid": "64b02a5edb66c7a5db961e41"
	},
	"sha": "8d90a7436b0dbdaa1dba9d088bb8f29b11fba05e",
	"author": "Vitalis Salis",
	"message": "Update version",
	"date": {
		"$date": "2021-06-25T09:59:00Z"
	}
}
{
	"_id": {
		"$oid": "64b02a5edb66c7a5db961e42"
	},
	"sha": "ef121c7ffb5ee06f4952fbe209b326bb7bf12647",
	"author": "Vitalis Salis",
	"message": "Some error handling",
	"date": {
		"$date": "2021-07-25T13:08:46Z"
	}
}
{
	"_id": {
		"$oid": "64b02a5edb66c7a5db961e43"
	},
	"sha": "90f1be9eb86bf17790e1f80f473706bd1e9c93ed",
	"author": "Mryanhehe",
	"message": "find a little bug",
	"date": {
		"$date": "2021-11-17T06:31:37Z"
	}
}
{
	"_id": {
		"$oid": "64b02a5edb66c7a5db961e44"
	},
	"sha": "caa78463769d4f4fa695d451d6ea0ff1999133ab",
	"author": "Vitalis Salis",
	"message": "Merge pull request #14 from Mryanhehe/yyx\n\nadd an element to set when iterate set",
	"date": {
		"$date": "2022-01-02T07:56:32Z"
	}
}
{
	"_id": {
		"$oid": "64b02a5edb66c7a5db961e45"
	},
	"sha": "b33379106dafc285a8ecf8fa709e6de5906b1f8a",
	"author": "x439xu",
	"message": "Added checking for symtable line number, to fix the issue of name conflict",
	"date": {
		"$date": "2022-03-09T03:01:23Z"
	}
}
{
	"_id": {
		"$oid": "64b02a5edb66c7a5db961e46"
	},
	"sha": "aadbc2555b39a8963d298b4be4638dfa99111e83",
	"author": "gdrosos",
	"message": "Represent internal calls with strings and add empty json object",
	"date": {
		"$date": "2022-03-09T22:33:30Z"
	}
}
{
	"_id": {
		"$oid": "64b02a5edb66c7a5db961e47"
	},
	"sha": "f940b1416e1a7399bac48ebd36926cecedd62840",
	"author": "gdrosos",
	"message": "Calculate the number of nodes in fasten format",
	"date": {
		"$date": "2022-03-18T12:56:17Z"
	}
}
{
	"_id": {
		"$oid": "64b02a5edb66c7a5db961e48"
	},
	"sha": "eb718349221c4b2e798d8fe92c0caffa24b9f94f",
	"author": "gdrosos",
	"message": "Add resolvedCalls attribute to fasten format",
	"date": {
		"$date": "2022-03-18T17:29:27Z"
	}
}
{
	"_id": {
		"$oid": "64b02a5edb66c7a5db961e49"
	},
	"sha": "f4025f6eab880e72f5213a93a7d4fedac42986d8",
	"author": "gdrosos",
	"message": "Add superClasses attribute to the callable metadata field of the fasten format",
	"date": {
		"$date": "2022-03-19T16:12:55Z"
	}
}
{
	"_id": {
		"$oid": "64b02a5edb66c7a5db961e4a"
	},
	"sha": "ed11ee72a59853c048fcfdb7781467051f97cc91",
	"author": "gdrosos",
	"message": "Save external modules in call graphs following the fasten format",
	"date": {
		"$date": "2022-03-20T01:06:33Z"
	}
}
{
	"_id": {
		"$oid": "64b02a5edb66c7a5db961e4b"
	},
	"sha": "55950f005163a08f28ab698f05e01f4a08ab5a1b",
	"author": "gdrosos",
	"message": "Improve the methodology of extracting external modules in fasten format",
	"date": {
		"$date": "2022-03-20T03:02:14Z"
	}
}
{
	"_id": {
		"$oid": "64b02a5edb66c7a5db961e4c"
	},
	"sha": "b9a91ec8ba6b223124e8d92305634182f7094ec1",
	"author": "gdrosos",
	"message": "Improve code style of fasten.py",
	"date": {
		"$date": "2022-03-20T03:04:45Z"
	}
}
{
	"_id": {
		"$oid": "64b02a5edb66c7a5db961e4d"
	},
	"sha": "c6a1d922e3fd30b8633875f3642549a2064100fe",
	"author": "gdrosos",
	"message": "Fix external module name stored in fasten format",
	"date": {
		"$date": "2022-03-20T03:30:07Z"
	}
}
{
	"_id": {
		"$oid": "64b02a5edb66c7a5db961e4e"
	},
	"sha": "6a6ad4c70b8f26147997e2bad41f341b2b790a7e",
	"author": "gdrosos",
	"message": "Add comment explaining the external module name check in  fasten format",
	"date": {
		"$date": "2022-03-20T03:42:33Z"
	}
}
{
	"_id": {
		"$oid": "64b02a5edb66c7a5db961e4f"
	},
	"sha": "8a9920b120b329026199a04d63fe181a2250f905",
	"author": "gdrosos",
	"message": "Adapt Unit Tests to version 2 fasten format call graphs",
	"date": {
		"$date": "2022-03-20T03:54:19Z"
	}
}
{
	"_id": {
		"$oid": "64b02a5edb66c7a5db961e50"
	},
	"sha": "a3abd035f19538a874d1e0fc040ae75c52761ad0",
	"author": "gdrosos",
	"message": "Check if the number of uris of an edge is valid in fasten format",
	"date": {
		"$date": "2022-03-21T02:18:50Z"
	}
}
{
	"_id": {
		"$oid": "64b02a5edb66c7a5db961e51"
	},
	"sha": "08baafff379a4d5c67c21f82b339d6611ab3c969",
	"author": "gdrosos",
	"message": "Adapt fasten class hierarchy tests to new format",
	"date": {
		"$date": "2022-03-21T03:19:50Z"
	}
}
{
	"_id": {
		"$oid": "64b02a5edb66c7a5db961e52"
	},
	"sha": "25678dfc6ad79cdf7c0643364528ecdf691c95de",
	"author": "gdrosos",
	"message": "Remove unnecessary import in fasten format test",
	"date": {
		"$date": "2022-03-21T03:21:56Z"
	}
}
{
	"_id": {
		"$oid": "64b02a5edb66c7a5db961e53"
	},
	"sha": "6eca379cc6b6eef8f82cd18fcde2daec787253b6",
	"author": "gdrosos",
	"message": "Add unit tests for the get_external_modules method of the fasten format",
	"date": {
		"$date": "2022-03-22T13:16:19Z"
	}
}
{
	"_id": {
		"$oid": "64b02a5edb66c7a5db961e54"
	},
	"sha": "bc0c809c9a60a63b82bea36cabde1aff32336dec",
	"author": "Vitalis Salis",
	"message": "Merge pull request #27 from gdrosos/master\n\nProduce Call Graphs in Fasten Version 2 Format",
	"date": {
		"$date": "2022-03-22T17:19:52Z"
	}
}
{
	"_id": {
		"$oid": "64b02a5edb66c7a5db961e55"
	},
	"sha": "0c9884b7064bba1ecda64ec323b6ccaae4fec521",
	"author": "Vitalis Salis",
	"message": "Bump up to version 0.0.5",
	"date": {
		"$date": "2022-03-24T19:50:30Z"
	}
}
{
	"_id": {
		"$oid": "64b02a5edb66c7a5db961e56"
	},
	"sha": "e9150418a6aee06bd1ff5ab026f9a228a90bf843",
	"author": "gdrosos",
	"message": "Analyze only python files",
	"date": {
		"$date": "2022-06-04T16:00:47Z"
	}
}
{
	"_id": {
		"$oid": "64b02a5edb66c7a5db961e57"
	},
	"sha": "512bec82ab4477a4396041331c8b5e67142222b8",
	"author": "Vitalis Salis",
	"message": "Merge pull request #30 from gdrosos/master\n\nAnalyze only Python Files",
	"date": {
		"$date": "2022-06-12T10:13:35Z"
	}
}
{
	"_id": {
		"$oid": "64b02a5edb66c7a5db961e58"
	},
	"sha": "5d2506f79c09f6925a1af4983109c200e2110d0e",
	"author": "Vitalis Salis",
	"message": "Merge pull request #26 from seanxiaoyan/master\n\nAdded checking for symtable line number to fix the issue of name conflict",
	"date": {
		"$date": "2022-06-12T10:14:42Z"
	}
}
{
	"_id": {
		"$oid": "64b02a5edb66c7a5db961e59"
	},
	"sha": "ff3bb652243eb7c85e8e4e1e9fe3b807ceaff2d8",
	"author": "Giorgos Drosos",
	"message": "FIX: Avoid (Re)Importing Used Modules (#31)",
	"date": {
		"$date": "2022-06-16T16:49:57Z"
	}
}
{
	"_id": {
		"$oid": "64b02a5edb66c7a5db961e5a"
	},
	"sha": "99c991e585615263f36fae5849df9c2daa684021",
	"author": "Giorgos Drosos",
	"message": "FIX: Require Python 3.4 version or latest (#32)",
	"date": {
		"$date": "2022-06-19T19:20:34Z"
	}
}
{
	"_id": {
		"$oid": "64b02a5edb66c7a5db961e5b"
	},
	"sha": "64334118cf2f2758e1b2e5b972bbce0f46667f44",
	"author": "Vitalis Salis",
	"message": "Bump version to 0.0.6",
	"date": {
		"$date": "2022-06-29T18:10:10Z"
	}
}
{
	"_id": {
		"$oid": "64b02a5edb66c7a5db961e5c"
	},
	"sha": "abdb679b6f56b28f69d3541724606c76b98927af",
	"author": "Vitalis Salis",
	"message": "fix: New paper link",
	"date": {
		"$date": "2022-11-02T13:37:10Z"
	}
}
{
	"_id": {
		"$oid": "64b02a5edb66c7a5db961e5d"
	},
	"sha": "ee5e806d6e3ddf3eb8c2a7641a1b6431e84f3f1d",
	"author": "Giorgos Drosos",
	"message": "Handle ValueError occuring when parsing the requirements.txt (#47)",
	"date": {
		"$date": "2023-03-21T17:37:20Z"
	}
}
{
	"_id": {
		"$oid": "64b02a5edb66c7a5db961e5e"
	},
	"sha": "c67e625b41724aa413f2c4232c4cfa911c265686",
	"author": "Giorgos Drosos",
	"message": "Remove rebulk submodule (#48)",
	"date": {
		"$date": "2023-03-22T06:23:40Z"
	}
}
{
	"_id": {
		"$oid": "64b02a5edb66c7a5db961e5f"
	},
	"sha": "4448238be6d87c4dcf486d2e92e3ce75669f5896",
	"author": "Giorgos Drosos",
	"message": "Insert a replacement marker to the malformed data of an ecncoding error (#49)",
	"date": {
		"$date": "2023-03-22T14:07:31Z"
	}
}
{
	"_id": {
		"$oid": "64b02a5edb66c7a5db961e60"
	},
	"sha": "ab75e4f8b53324f0be6fc4afaf53a39a0ee6a935",
	"author": "Giorgos Drosos",
	"message": "Reset counters only in existing class def scopes (#50)",
	"date": {
		"$date": "2023-03-28T13:15:35Z"
	}
}
{
	"_id": {
		"$oid": "64b02a5edb66c7a5db961e61"
	},
	"sha": "72a542fcc6bb08ec60cac1d922790fdd92ad003f",
	"author": "Ashwin Prasad",
	"message": "Minor fix to pass test cases",
	"date": {
		"$date": "2023-04-28T11:46:10Z"
	}
}
{
	"_id": {
		"$oid": "64b02a5edb66c7a5db961e62"
	},
	"sha": "382dbb36762ec06d417f559b551cfdb5e7203f0d",
	"author": "Ashwin Prasad",
	"message": "Minor changes for PEP8 consistency",
	"date": {
		"$date": "2023-05-09T15:29:22Z"
	}
}
{
	"_id": {
		"$oid": "64b02a5edb66c7a5db961e63"
	},
	"sha": "32174a768a06191f5b2cf8f7b173abbd2c6459e0",
	"author": "Giorgos Drosos",
	"message": "Catch an unhandled exception in import manager (#55)",
	"date": {
		"$date": "2023-05-09T16:41:31Z"
	}
}
{
	"_id": {
		"$oid": "64b02a5edb66c7a5db961e64"
	},
	"sha": "a797a2c92904d954b273a7338dedcf7411db8e20",
	"author": "Giorgos Drosos",
	"message": "Merge pull request #53 from ashwinprasadme/as-graph-output\n\nAs graph output branch merged with master",
	"date": {
		"$date": "2023-05-09T18:29:19Z"
	}
}
{
	"_id": {
		"$oid": "64b02a5edb66c7a5db961e65"
	},
	"sha": "bde4cc14d356c04fd9377ea65c06004fdb8fab9c",
	"author": "Ashwin Prasad",
	"message": "Integrate Best Practices for a More Robust and Maintainable Code Base (#56)\n\n* Adding pre-commit hooks for linting\r\n\r\n* Micro-benchmark refactored:\r\n- Tests arranged in alphabetical order\r\n- Added default values to base.py to use in case of no env settings\r\n\r\n* Refactored ground-truth json for readability\r\n\r\n* Fixed mistakes in ground-truth\r\n\r\n* Added Black formatting\r\n\r\n* [WIP] Refactor code base with ruff\r\n\r\n* Minor cleanup\r\n\r\n* Removed pre-commit for GitHub actions",
	"date": {
		"$date": "2023-05-15T18:44:00Z"
	}
}
{
	"_id": {
		"$oid": "64b02a5edb66c7a5db961e66"
	},
	"sha": "9de5477ce8d2a6c6bd6b672096d04d6414e4940a",
	"author": "Giorgos Drosos",
	"message": "Add Github Action for Testing (#58)\n\n* Add workflow for testing\r\n\r\n* Clarify the need of installing mock for testing in readme",
	"date": {
		"$date": "2023-05-16T14:14:23Z"
	}
}
{
	"_id": {
		"$oid": "64b02a5edb66c7a5db961e67"
	},
	"sha": "59225bf161c00d658020b26f3f623d97b9fc5e7c",
	"author": "Giorgos Drosos",
	"message": "Add  a Github Action Linter (#57)\n\n* Add github action for linting\r\n\r\n* Disable linting in benchmark directories\r\n\r\n* Fix linting errors\r\n\r\n* Set max line length to 89\r\n\r\n* Resolve final flake8 linting issues in imports\r\n\r\n* Reformat files based on black\r\n\r\n* Ignore 2 flake8 rules in conflict with black",
	"date": {
		"$date": "2023-05-16T14:14:46Z"
	}
}
{
	"_id": {
		"$oid": "64b02a5edb66c7a5db961e68"
	},
	"sha": "a44940ed5769eae6b5f1274b2e788a14d0a4afc9",
	"author": "Giorgos Drosos",
	"message": "Add a status badge for Tests and Linters (#59)",
	"date": {
		"$date": "2023-05-16T14:39:03Z"
	}
}
{
	"_id": {
		"$oid": "64b02a5edb66c7a5db961e69"
	},
	"sha": "373751bb6bdf32516e23634ee4783be666f9e153",
	"author": "Giorgos Drosos",
	"message": "Handle external module imports as package imports (#60)",
	"date": {
		"$date": "2023-05-29T19:11:19Z"
	}
}
{
	"_id": {
		"$oid": "64b02a5edb66c7a5db961e6a"
	},
	"sha": "bc4d41e706a030008fdbf787ec478db06dc5b0ea",
	"author": "Giorgos Drosos",
	"message": "Add Support for Calls to External Class Instances (#61)",
	"date": {
		"$date": "2023-05-30T18:41:17Z"
	}
}
{
	"_id": {
		"$oid": "64b02a5edb66c7a5db961e6b"
	},
	"sha": "014d21cb4bc807682ad0527e4b2c2f732fb62bc4",
	"author": "Vitalis Salis",
	"message": "Bump version to 0.0.7 (#62)",
	"date": {
		"$date": "2023-05-31T10:42:40Z"
	}
}
