_id,sha,author,message,date
64b029fedb66c7a5db95d22c,3011ca702172099314610bf45e0162a81c3aa190,Steven Arzt,added a concurrent counting map,2019-04-29 17:01:06
64b029fedb66c7a5db95d341,0c0d4db19496ac1aaa8e8ef82d96aea787dba4c2,Steven Arzt,added concurrent versions of the summary classes,2020-07-20 22:57:50
64b029fedb66c7a5db95d365,9caa97ec5ee80e4ddb485d0da5d71253c288f157,Steven Arzt,"fixed logging, added concurrent eager summary provider",2020-10-07 15:55:48
64b029fedb66c7a5db95d37e,e26e5eb5de9d76cfb60e5c3b82401d6b5fc8ef4d,Steven Arzt,"refactored the gap manager to allow for different implementations, including a concurrent one",2020-10-16 17:03:52
64b029fedb66c7a5db95d50c,a5c9e3495c21d803b7bab6d9c218b52d976b1d52,Steven Arzt,"fixed a concurrency bug, added another method to the native call handler, and added more test cases",2022-05-10 16:18:37
64b029fedb66c7a5db95d14f,01a8f2be27757bfc7244e0dd591073f89b27d930,Marc Miltenberger,"Fixing two bugs: One concurrency bug where the timeout watcher fails to detect that the analysis is still running and an Exception, which may occur in rare Occurrences",2018-01-30 15:52:41
